Date,AAPL,AMZN,JPM,MSFT,SPY,XOM
2015-01-02,24.237550735473633,15.425999641418457,46.72093963623047,39.85844802856445,171.09365844726562,57.91691207885742
2015-01-05,23.55474281311035,15.10949993133545,45.270477294921875,39.49191665649414,168.00379943847656,56.332183837890625
2015-01-06,23.556964874267578,14.76449966430664,44.09665298461914,38.91229248046875,166.4213409423828,56.0327033996582
2015-01-07,23.88728141784668,14.920999526977539,44.163944244384766,39.40667724609375,168.4951934814453,56.6004753112793
2015-01-08,24.805084228515625,15.02299976348877,45.15086364746094,40.56595993041992,171.48507690429688,57.542572021484375
2015-01-09,24.831682205200195,14.846500396728516,44.36581802368164,40.2249870300293,170.11093139648438,57.46145248413086
2015-01-12,24.21980857849121,14.570500373840332,43.98452377319336,39.722068786621094,168.7783203125,56.35713195800781
2015-01-13,24.434858322143555,14.737000465393066,43.99199676513672,39.51749038696289,168.30361938476562,56.1512451171875
2015-01-14,24.34174346923828,14.66349983215332,42.47426223754883,39.176536560058594,167.28759765625,55.98902893066406
2015-01-15,23.681108474731445,14.34749984741211,41.11353302001953,38.76737976074219,165.75503540039062,55.50241470336914
2015-01-16,23.497089385986328,14.536999702453613,41.81632614135742,39.41520309448242,167.92880249023438,56.85002517700195
2015-01-20,24.102319717407227,14.472000122070312,41.651832580566406,39.54305648803711,168.28701782226562,56.831321716308594
2015-01-21,24.28632164001465,14.862500190734863,41.78642272949219,39.14243698120117,169.13653564453125,57.317970275878906
2015-01-22,24.91814422607422,15.515999794006348,43.05743408203125,40.17384719848633,171.6517333984375,57.941864013671875
2015-01-23,25.046728134155273,15.619500160217285,42.37705612182617,40.21645736694336,170.7106170654297,56.70654296875
2015-01-26,25.073331832885742,15.482999801635742,42.44434356689453,40.071556091308594,171.1103973388672,57.24934005737305
2015-01-27,24.195432662963867,15.337499618530273,42.0181884765625,36.36359786987305,168.85330200195312,56.74396896362305
2015-01-28,25.563264846801758,15.195500373840332,40.93409729003906,35.110557556152344,166.6878204345703,54.87225341796875
2015-01-29,26.359142303466797,15.58899974822998,41.62192916870117,35.80953598022461,168.22862243652344,54.641414642333984
2015-01-30,25.9733943939209,17.726499557495117,40.65745544433594,34.437156677246094,166.1132049560547,54.54159164428711
2015-02-02,26.299283981323242,18.223499298095703,41.472408294677734,35.18728256225586,168.17037963867188,55.88920211791992
2015-02-03,26.3037166595459,18.177499771118164,42.406978607177734,35.460060119628906,170.60232543945312,57.5550422668457
2015-02-04,26.505456924438477,18.237499237060547,42.152774810791016,35.66462326049805,169.95263671875,57.062156677246094
2015-02-05,26.69463539123535,18.694499969482422,42.44434356689453,36.18458557128906,171.66839599609375,57.623680114746094
2015-02-06,26.4698486328125,18.714000701904297,43.28172302246094,36.15050506591797,171.1936798095703,57.51680374145508
2015-02-09,26.645671844482422,18.527999877929688,43.22938919067383,36.10786819458008,170.42742919921875,57.55453109741211
2015-02-10,27.157575607299805,18.649999618530273,43.707881927490234,36.31243896484375,172.24301147460938,57.20881271362305
2015-02-11,27.79411506652832,18.756999969482422,43.640586853027344,36.12492370605469,172.34295654296875,56.95109176635742
2015-02-12,28.145771026611328,18.85849952697754,44.53777313232422,36.73012924194336,174.00033569335938,58.063690185546875
2015-02-13,28.283769607543945,19.09149932861328,44.612545013427734,37.39500045776367,174.7166290283203,58.69229507446289
2015-02-17,28.45069122314453,18.771499633789062,44.93404006958008,37.41217803955078,174.9914093017578,58.49113464355469
2015-02-18,28.64877700805664,18.668500900268555,44.388248443603516,37.36924743652344,175.00816345214844,57.20881271362305
2015-02-19,28.588682174682617,18.950000762939453,44.2835693359375,37.34349822998047,174.88316345214844,56.221885681152344
2015-02-20,28.8223819732666,19.183000564575195,44.709739685058594,37.65254211425781,175.93263244628906,56.523624420166016
2015-02-23,29.601367950439453,19.006999969482422,44.373294830322266,37.90150833129883,175.9076385498047,55.951602935791016
2015-02-24,29.41661834716797,18.929500579833984,45.47235107421875,37.84999465942383,176.40728759765625,56.20931625366211
2015-02-25,28.664344787597656,19.26849937438965,45.71159362792969,37.76415252685547,176.25738525390625,56.32247543334961
2015-02-26,29.02713394165039,19.239999771118164,46.04058074951172,37.82423400878906,176.04917907714844,55.72529602050781
2015-02-27,28.59090805053711,19.007999420166016,45.8162727355957,37.643951416015625,175.44956970214844,55.65617370605469
2015-03-02,28.731122970581055,19.283000946044922,46.1826171875,37.669715881347656,176.55723571777344,55.34185791015625
2015-03-03,28.791213989257812,19.230499267578125,46.332157135009766,37.154624938964844,175.83265686035156,55.07785415649414
2015-03-04,28.60871696472168,19.13599967956543,46.4517822265625,36.96577072143555,175.0913848876953,54.80125045776367
2015-03-05,28.134645462036133,19.39150047302246,46.35458755493164,37.008697509765625,175.28294372558594,54.5246696472168
2015-03-06,28.176939010620117,19.004499435424805,45.524681091308594,36.36484146118164,172.81768798828125,53.8269157409668
2015-03-09,28.297119140625,18.92799949645996,45.98076629638672,36.78548812866211,173.5339813232422,53.53147888183594
2015-03-10,27.711772918701172,18.475500106811523,44.82936096191406,36.08154296875,170.71890258789062,52.96574020385742
2015-03-11,27.206539154052734,18.318500518798828,45.03871154785156,36.03861618041992,170.319091796875,52.814876556396484
2015-03-12,27.698408126831055,18.711999893188477,45.88356399536133,35.214481353759766,172.4845733642578,52.94061279296875
2015-03-13,27.50700569152832,18.52899932861328,45.60694122314453,35.523536682128906,171.42681884765625,52.72059631347656
2015-03-16,27.809694290161133,18.667499542236328,46.242435455322266,35.678062438964844,173.71722412109375,53.280059814453125
2015-03-17,28.27486801147461,18.59600067138672,46.0629997253418,35.798255920410156,173.20082092285156,52.85260009765625
2015-03-18,28.593137741088867,18.756999969482422,46.167667388916016,36.48501968383789,175.28294372558594,54.103519439697266
2015-03-19,28.377243041992188,18.66200065612793,45.7564582824707,36.30475997924805,174.4833984375,53.06005096435547
2015-03-20,28.021137237548828,18.92449951171875,46.167667388916016,36.811241149902344,176.0235595703125,53.14173889160156
2015-03-23,28.312694549560547,18.75550079345703,45.71159362792969,36.7940673828125,175.68055725097656,53.70122528076172
2015-03-24,28.19696807861328,18.704500198364258,45.20320129394531,36.82841873168945,174.69346618652344,53.129188537597656
2015-03-25,27.460264205932617,18.54800033569336,44.56768798828125,35.592220306396484,172.13351440429688,53.342918395996094
2015-03-26,27.651668548583984,18.36750030517578,44.515350341796875,35.377601623535156,171.72357177734375,53.003475189208984
2015-03-27,27.43133544921875,18.527999877929688,44.5228157043457,35.171573638916016,172.1167449951172,52.53830337524414
2015-03-30,28.12574005126953,18.72949981689453,45.5770149230957,35.16297912597656,174.216552734375,53.8269157409668
2015-03-31,27.693967819213867,18.604999542236328,45.29290771484375,34.90544128417969,172.69403076171875,53.43092727661133
2015-04-01,27.653900146484375,18.51300048828125,45.119808197021484,34.95694351196289,172.08326721191406,53.09148406982422
2015-04-02,27.892051696777344,18.612499237060547,45.54878616333008,34.58781051635742,172.70236206054688,52.99090576171875
2015-04-06,28.34385108947754,18.851999282836914,45.51118087768555,35.66948318481445,173.86521911621094,53.51262283325195
2015-04-07,28.04561996459961,18.720500946044922,45.797176361083984,35.65230941772461,173.40504455566406,53.90237045288086
2015-04-08,27.95435905456543,19.059999465942383,45.94770050048828,35.55786895751953,173.99066162109375,52.840030670166016
2015-04-09,28.16803550720215,19.177000045776367,46.2637939453125,35.6093864440918,174.7603302001953,53.210906982421875
2015-04-10,28.288225173950195,19.13249969482422,46.43690490722656,35.8154182434082,175.7140350341797,53.78292465209961
2015-04-13,28.232582092285156,19.118000030517578,46.715370178222656,35.84975051879883,174.91928100585938,53.644649505615234
2015-04-14,28.110166549682617,19.25550079345703,47.44541931152344,35.75533676147461,175.25389099121094,54.455535888671875
2015-04-15,28.216995239257812,19.172500610351562,48.325984954833984,36.27898406982422,176.04025268554688,55.367008209228516
2015-04-16,28.08123207092285,19.302000045776367,48.02493667602539,36.19313430786133,175.99008178710938,55.14697265625
2015-04-17,27.765182495117188,18.777999877929688,47.294898986816406,35.72957992553711,173.96559143066406,54.64411544799805
2015-04-20,28.39950180053711,19.475500106811523,47.595943450927734,36.836997985839844,175.55503845214844,54.838985443115234
2015-04-21,28.245925903320312,19.55900001525879,46.89599609375,36.605201721191406,175.34597778320312,54.6126823425293
2015-04-22,28.62651824951172,19.489999771118164,47.370147705078125,36.905677795410156,176.20758056640625,54.977256774902344
2015-04-23,28.86020851135254,19.499500274658203,47.264801025390625,37.20613479614258,176.65098571777344,55.027549743652344
2015-04-24,28.995973587036133,22.2549991607666,47.1142578125,41.09501647949219,177.06094360351562,54.66925811767578
2015-04-27,29.523452758789062,21.92799949645996,46.9185791015625,41.23236846923828,176.32473754882812,54.69438171386719
2015-04-28,29.05829620361328,21.465499877929688,47.23467254638672,42.20244216918945,176.88525390625,55.191001892089844
2015-04-29,28.63096046447754,21.4685001373291,47.86688995361328,42.116580963134766,176.15744018554688,55.23499298095703
2015-04-30,27.854211807250977,21.089000701904297,47.610992431640625,41.756038665771484,174.3922576904297,54.92070007324219
2015-05-01,28.69997215270996,21.14349937438965,47.87440490722656,41.7732048034668,176.28286743164062,55.85102844238281
2015-05-04,28.644319534301758,21.152000427246094,48.7098388671875,41.41265869140625,176.7848663330078,56.014461517333984
2015-05-05,27.998878479003906,21.059499740600586,48.46900177001953,40.863216400146484,174.7603302001953,55.70016098022461
2015-05-06,27.823055267333984,20.954999923706055,48.107723236083984,39.73003387451172,174.0408477783203,55.4361457824707
2015-05-07,27.99514389038086,21.3439998626709,48.54423904418945,40.090599060058594,174.73524475097656,55.065269470214844
2015-05-08,28.522592544555664,21.684499740600586,49.289344787597656,40.99199295043945,177.0358428955078,55.93903350830078
2015-05-11,28.232051849365234,21.642499923706055,49.25923156738281,40.66579055786133,176.19090270996094,55.00099563598633
2015-05-12,28.1314754486084,21.551000595092773,49.19151306152344,40.64860153198242,175.66383361816406,55.15310287475586
2015-05-13,28.162771224975586,21.3435001373291,49.311912536621094,40.88897705078125,175.69728088378906,54.861572265625
2015-05-14,28.819852828979492,21.61400032043457,49.7108154296875,41.82470703125,177.5293731689453,55.121429443359375
2015-05-15,28.779613494873047,21.299999237060547,49.5828742980957,41.46414566040039,177.72177124023438,55.36227035522461
2015-05-18,29.09697723388672,21.261999130249023,49.98930358886719,41.21520233154297,178.27394104003906,55.04538345336914
2015-05-19,29.070161819458008,21.085500717163086,50.43333053588867,41.111515045166016,178.2153778076172,55.134098052978516
2015-05-20,29.067928314208984,21.19300079345703,50.034454345703125,41.111515045166016,178.08984375,55.22282028198242
2015-05-21,29.365177154541016,21.581499099731445,50.16239547729492,40.9732551574707,178.6085662841797,55.273521423339844
2015-05-22,29.622190475463867,21.381500244140625,50.02691650390625,40.523956298828125,178.18194580078125,54.83621597290039
2015-05-26,28.969589233398438,21.273500442504883,49.46997833251953,40.25609588623047,176.2661590576172,54.094661712646484
2015-05-27,29.51044273376465,21.570999145507812,50.02691650390625,41.137428283691406,177.9393310546875,53.94254684448242
2015-05-28,29.452341079711914,21.328500747680664,49.823699951171875,40.999183654785156,177.73855590820312,53.94254684448242
2015-05-29,29.117090225219727,21.46150016784668,49.507606506347656,40.489410400390625,176.63424682617188,53.99959182739258
2015-06-01,29.175209045410156,21.54599952697754,49.733394622802734,40.80909729003906,176.99395751953125,53.95524215698242
2015-06-02,29.045576095581055,21.54949951171875,49.68822479248047,40.541236877441406,176.81829833984375,53.961578369140625
2015-06-03,29.08133316040039,21.829500198364258,50.20001220703125,40.48075485229492,177.286865234375,53.841156005859375
2015-06-04,28.911474227905273,21.538999557495117,49.92155456542969,40.057373046875,175.78932189941406,53.37847900390625
2015-06-05,28.752796173095703,21.34749984741211,50.741912841796875,39.86727523803711,175.48814392089844,53.4165153503418
2015-06-08,28.56282615661621,21.174999237060547,50.343017578125,39.51302719116211,174.4090118408203,53.777774810791016
2015-06-09,28.47789192199707,21.27400016784668,50.561283111572266,39.44389724731445,174.38388061523438,53.60666275024414
2015-06-10,28.8042049407959,21.53849983215332,51.37410354614258,40.27339553833008,176.4752960205078,54.00593948364258
2015-06-11,28.73938751220703,21.648500442504883,51.569793701171875,40.12650680541992,177.04417419433594,53.929893493652344
2015-06-12,28.42201805114746,21.496000289916992,51.36658477783203,39.72039794921875,175.68893432617188,53.251708984375
2015-06-15,28.366151809692383,21.183500289916992,51.170894622802734,39.29700469970703,174.93600463867188,53.061580657958984
2015-06-16,28.518131256103516,21.363000869750977,51.456912994384766,39.59943389892578,175.88970947265625,53.67002868652344
2015-06-17,28.45107650756836,21.390499114990234,51.28379821777344,39.72039794921875,176.1741485595703,53.701725006103516
2015-06-18,28.580705642700195,21.969499588012695,51.76547622680664,40.368438720703125,178.00625610351562,54.17708206176758
2015-06-19,28.294631958007812,21.746000289916992,51.23865509033203,39.83271026611328,177.21597290039062,54.00593948364258
2015-06-22,28.520362854003906,21.81450080871582,51.90094757080078,39.945045471191406,178.12391662597656,53.980594635009766
2015-06-23,28.390731811523438,22.29949951171875,52.495506286621094,39.668548583984375,178.24996948242188,53.91721725463867
2015-06-24,28.632110595703125,22.04199981689453,51.946109771728516,39.43525695800781,176.9554443359375,53.67002868652344
2015-06-25,28.49577522277832,22.0049991607666,51.66763687133789,39.44389724731445,176.4174041748047,53.19468307495117
2015-06-26,28.328157424926758,21.905000686645508,51.89342498779297,39.10692596435547,176.38381958007812,53.15031051635742
2015-06-29,27.83199119567871,21.493000030517578,50.576332092285156,38.33790588378906,172.6849822998047,52.491172790527344
2015-06-30,28.03312873840332,21.704500198364258,50.997806549072266,38.147804260253906,173.04641723632812,52.73201370239258
2015-07-01,28.294631958007812,21.86949920654297,51.56596374511719,38.407039642333984,174.4335479736328,52.20594787597656
2015-07-02,28.258867263793945,21.885499954223633,51.14929962158203,38.363834381103516,174.2737579345703,52.6939811706543
2015-07-06,28.16053009033203,21.802000045776367,51.00538635253906,38.35520553588867,173.7777862548828,52.3073616027832
2015-07-07,28.091249465942383,21.836000442504883,50.60387420654297,38.27742385864258,174.87066650390625,52.52286911010742
2015-07-08,27.393939971923828,21.485000610351562,49.566036224365234,38.22559356689453,171.936767578125,51.95242691040039
2015-07-09,26.835201263427734,21.719499588012695,50.081172943115234,38.467525482177734,172.24774169921875,51.71794128417969
2015-07-10,27.55261993408203,22.175500869750977,50.79326629638672,38.5452880859375,174.4166259765625,52.11088562011719
2015-07-13,28.084543228149414,22.778499603271484,51.58110809326172,39.348838806152344,176.34176635742188,52.23762893676758
2015-07-14,28.07337188720703,23.278499603271484,52.300777435302734,39.41797637939453,177.10670471191406,52.67497634887695
2015-07-15,28.34379768371582,23.059499740600586,52.414405822753906,39.5389289855957,177.04791259765625,52.4531364440918
2015-07-16,28.72150993347168,23.77400016784668,52.69468307495117,40.316593170166016,178.46853637695312,52.54821014404297
2015-07-17,28.969589233398438,24.15049934387207,52.4295654296875,40.28202819824219,178.619873046875,52.358062744140625
2015-07-20,29.517154693603516,24.405000686645508,52.467445373535156,40.541236877441406,178.7123565673828,51.81935119628906
2015-07-21,29.222145080566406,24.399999618530273,52.34623336791992,40.852291107177734,178.00621032714844,51.75595474243164
2015-07-22,27.986204147338867,24.41349983215332,53.088623046875,39.348838806152344,177.68678283691406,51.83833694458008
2015-07-23,27.972795486450195,24.108999252319336,52.75529479980469,39.84135818481445,176.68643188476562,51.42637634277344
2015-07-24,27.825286865234375,26.47100067138672,52.20230484008789,39.69447708129883,174.8538055419922,50.665828704833984
2015-07-27,27.438640594482422,26.570499420166016,51.5205078125,39.18468475341797,173.8366241455078,50.23484420776367
2015-07-28,27.574968338012695,26.30150032043457,51.55079650878906,39.1760368347168,175.9718475341797,52.27566909790039
2015-07-29,27.48780059814453,26.450000762939453,52.22502517700195,39.99688720703125,177.18243408203125,52.6939811706543
2015-07-30,27.349239349365234,26.83799934387207,52.300777435302734,40.506690979003906,177.22442626953125,52.611572265625
2015-07-31,27.11009407043457,26.8075008392334,51.914432525634766,40.35114288330078,176.9554443359375,50.203163146972656
2015-08-03,26.470903396606445,26.75149917602539,51.914432525634766,40.44619369506836,176.3585662841797,49.474281311035156
2015-08-04,25.621614456176758,26.594999313354492,51.86140060424805,41.07695770263672,176.01393127441406,48.910221099853516
2015-08-05,25.791475296020508,26.850500106811523,52.065940856933594,41.111515045166016,176.59396362304688,48.910221099853516
2015-08-06,25.847604751586914,26.472999572753906,51.702327728271484,40.28202819824219,175.1480255126953,49.49329376220703
2015-08-07,25.93515396118164,26.131000518798828,51.55079650878906,40.38570785522461,174.8118133544922,48.69472885131836
2015-08-10,26.878089904785156,26.200000762939453,52.18714904785156,40.8955078125,177.01431274414062,49.9116096496582
2015-08-11,25.479398727416992,26.37299919128418,51.68717575073242,40.1005859375,175.4170684814453,49.572547912597656
2015-08-12,25.87229347229004,26.295499801635742,50.93720626831055,40.38570785522461,175.62722778320312,50.404197692871094
2015-08-13,25.852087020874023,26.482999801635742,51.17203903198242,40.37706756591797,175.4086456298828,50.31462478637695
2015-08-14,26.033939361572266,26.576000213623047,51.42961120605469,40.610374450683594,176.0475311279297,50.129112243652344
2015-08-17,26.303346633911133,26.76099967956543,51.56596374511719,40.886863708496094,177.0311279296875,50.391387939453125
2015-08-18,26.155170440673828,26.750999450683594,51.67201232910156,41.11300277709961,176.51829528808594,49.8348388671875
2015-08-19,25.82065773010254,26.645999908447266,51.20991134643555,40.538970947265625,175.1228790283203,48.76648712158203
2015-08-20,25.29081916809082,25.788999557495117,49.95240020751953,39.71269607543945,171.46609497070312,47.70454025268555
2015-08-21,23.743959426879883,24.723499298095703,48.17974090576172,37.46005630493164,166.3044891357422,46.14360809326172
2015-08-24,23.151256561279297,23.168500900268555,45.6419792175293,36.2510986328125,159.30191040039062,43.96214294433594
2015-08-25,23.290449142456055,23.318500518798828,45.38440704345703,35.198707580566406,157.42724609375,43.95572280883789
2015-08-26,24.62627410888672,25.03849983215332,47.65704345703125,37.146942138671875,163.47154235839844,46.38029861450195
2015-08-27,25.35143280029297,25.918500900268555,48.84638595581055,38.18194580078125,167.51499938964844,47.88365936279297
2015-08-28,25.43450164794922,25.90049934387207,48.58122634887695,38.20802688598633,167.52340698242188,48.02439498901367
2015-08-31,25.315509796142578,25.644500732421875,48.55851364135742,37.851436614990234,166.16990661621094,48.1331672668457
2015-09-01,24.18399429321289,24.82699966430664,46.55101776123047,36.37286376953125,161.21014404296875,46.11162185668945
2015-09-02,25.221220016479492,25.52750015258789,47.39947509765625,37.71228790283203,164.2700958251953,46.847312927246094
2015-09-03,24.77894401550293,25.236000061035156,47.4827995300293,37.834041595458984,164.38783264160156,47.2055549621582
2015-09-04,24.531978607177734,24.950000762939453,46.58890151977539,37.059959411621094,161.89952087402344,46.35470962524414
2015-09-08,25.2144832611084,25.87700080871582,47.84642791748047,38.17325973510742,165.96824645996094,47.02004623413086
2015-09-09,24.72954750061035,25.844499588012695,47.10403823852539,37.46005630493164,163.74891662597656,46.06044006347656
2015-09-10,25.27286720275879,26.11199951171875,47.467655181884766,37.65139389038086,164.6400146484375,46.39309310913086
2015-09-11,25.64105224609375,26.472000122070312,47.391902923583984,37.8166389465332,165.38819885253906,46.50184631347656
2015-09-14,25.88800811767578,26.069000244140625,47.255550384521484,37.4339599609375,164.7744903564453,46.37389373779297
2015-09-15,26.105783462524414,26.118499755859375,48.16460418701172,38.25151062011719,166.8340606689453,46.61060333251953
2015-09-16,26.134967803955078,26.36949920654297,48.588802337646484,38.52983093261719,168.2799835205078,47.53181838989258
2015-09-17,25.57594108581543,26.943500518798828,47.46007537841797,38.48635482788086,167.9016876220703,47.63417053222656
2015-09-18,25.470420837402344,27.01300048828125,46.164676666259766,37.8166389465332,165.157958984375,46.49546432495117
2015-09-21,25.865556716918945,27.41950035095215,46.55101776123047,38.36458969116211,166.01138305664062,46.949649810791016
2015-09-22,25.459196090698242,26.920000076293945,46.14195251464844,38.18194580078125,163.8566131591797,46.53383255004883
2015-09-23,25.66574478149414,26.803499221801758,45.93742752075195,38.155845642089844,163.5946807861328,46.252376556396484
2015-09-24,25.818416595458984,26.6875,45.61925506591797,38.19063949584961,163.00315856933594,46.52743911743164
2015-09-25,25.7533016204834,26.212499618530273,46.56616973876953,38.21674728393555,162.96092224121094,46.847312927246094
2015-09-28,25.243669509887695,25.202999114990234,45.437435150146484,37.65139389038086,158.87103271484375,46.444271087646484
2015-09-29,24.48482894897461,24.803499221801758,45.331382751464844,37.78186798095703,158.96401977539062,46.68097686767578
2015-09-30,24.763229370117188,25.594499588012695,46.18741226196289,38.49504852294922,161.9300079345703,47.56379318237305
2015-10-01,24.601579666137695,26.035999298095703,46.528297424316406,38.79947280883789,162.3525390625,47.3782844543457
2015-10-02,24.78118324279785,26.62700080871582,46.39858627319336,39.63443374633789,164.7776641845703,48.54258346557617
2015-10-05,24.870990753173828,27.18400001525879,47.32182693481445,40.556358337402344,167.7098846435547,49.137550354003906
2015-10-06,24.98998260498047,26.874000549316406,47.3447151184082,40.66072463989258,167.13523864746094,49.82844543457031
2015-10-07,24.870990753173828,27.097000122070312,47.4057502746582,40.7042121887207,168.5042266845703,50.66648864746094
2015-10-08,24.5836124420166,26.658000946044922,47.4057502746582,41.26954650878906,170.02525329589844,51.19746017456055
2015-10-09,25.17182731628418,26.989999771118164,47.25316619873047,40.97384262084961,170.12661743164062,50.70487594604492
2015-10-12,25.05508041381836,27.50950050354004,47.092918395996094,40.8781623840332,170.28721618652344,50.73046875
2015-10-13,25.097736358642578,27.44499969482422,46.96321105957031,40.78247833251953,169.2140350341797,50.640899658203125
2015-10-14,24.74300765991211,27.241500854492188,45.77291488647461,40.59983825683594,168.40277099609375,51.280635833740234
2015-10-15,25.11345672607422,28.121999740600586,47.22263717651367,40.88685989379883,170.9885711669922,52.12506866455078
2015-10-16,24.92936134338379,28.538000106811523,47.634666442871094,41.32172775268555,171.7659149169922,52.76480484008789
2015-10-19,25.08426856994629,28.657499313354492,47.47443771362305,41.41740417480469,171.85043334960938,51.81159973144531
2015-10-20,25.542266845703125,28.04400062561035,47.703330993652344,41.54787063598633,171.63079833984375,51.709224700927734
2015-10-21,25.540019989013672,27.78849983215332,47.35234069824219,41.05210494995117,170.56607055664062,51.31260681152344
2015-10-22,25.9306640625,28.195499420166016,48.214542388916016,41.77401351928711,173.44752502441406,53.027095794677734
2015-10-23,26.734399795532227,29.951499938964844,48.7333984375,45.983585357666016,175.3488006591797,53.08467102050781
2015-10-26,25.88127326965332,30.430500030517578,48.75627899169922,47.183837890625,174.91786193847656,51.9587287902832
2015-10-27,25.717376708984375,30.550500869750977,48.55791091918945,46.69678497314453,174.57984924316406,51.87555694580078
2015-10-28,26.777061462402344,30.854999542236328,49.977088928222656,46.948997497558594,176.5656280517578,52.63685607910156
2015-10-29,27.059938430786133,31.327499389648438,49.755821228027344,46.40974807739258,176.46420288085938,52.60484313964844
2015-10-30,26.828699111938477,31.295000076293945,49.023345947265625,45.78353500366211,175.70370483398438,52.931114196777344
2015-11-02,27.205867767333984,31.417499542236328,50.00761795043945,46.3054084777832,177.7824249267578,54.556034088134766
2015-11-03,27.5179386138916,31.265499114990234,50.19074630737305,47.09687423706055,178.29788208007812,55.56040954589844
2015-11-04,27.389963150024414,32.04750061035156,50.24414825439453,47.31431198120117,177.75704956054688,55.003849029541016
2015-11-05,27.263702392578125,32.782501220703125,50.69431686401367,47.29690170288086,177.57965087890625,54.2553596496582
2015-11-06,27.295269012451172,32.96849822998047,52.23560333251953,47.766571044921875,177.48672485351562,54.03785705566406
2015-11-09,27.184789657592773,32.77450180053711,51.41918182373047,47.105567932128906,175.8304901123047,52.88275146484375
2015-11-10,26.32801055908203,32.98400115966797,51.640445709228516,46.540225982666016,176.2360382080078,53.1408805847168
2015-11-11,26.179197311401367,33.662498474121094,51.38865280151367,46.66199493408203,175.54318237304688,52.66982650756836
2015-11-12,26.09126853942871,33.279998779296875,50.35860061645508,46.37496566772461,173.09263610839844,51.24368667602539
2015-11-13,25.329179763793945,32.11750030517578,50.02287673950195,45.95748519897461,171.1491241455078,50.39833450317383
2015-11-16,25.74404525756836,32.390499114990234,50.74773406982422,46.766361236572266,173.75172424316406,52.20518493652344
2015-11-17,25.633562088012695,32.165000915527344,50.457801818847656,46.381080627441406,173.62496948242188,51.59858322143555
2015-11-18,26.44525146484375,33.176998138427734,51.4649658203125,47.15162658691406,176.3797607421875,52.1019401550293
2015-11-19,26.781198501586914,33.063499450683594,51.625205993652344,47.230438232421875,176.22763061523438,51.81801223754883
2015-11-20,26.89844512939453,33.42250061035156,51.533626556396484,47.4493408203125,176.86981201171875,51.48891067504883
2015-11-23,26.548965454101562,33.949501037597656,51.030033111572266,47.4493408203125,176.66700744628906,51.80509948730469
2015-11-24,26.803749084472656,33.557498931884766,50.95375061035156,47.50187683105469,176.90365600585938,52.837589263916016
2015-11-25,26.61210060119629,33.766998291015625,51.01479721069336,47.01153564453125,176.87826538085938,52.43104934692383
2015-11-27,26.5624942779541,33.66299819946289,51.2513313293457,47.2216796875,177.08108520507812,52.41813659667969
2015-11-30,26.672977447509766,33.2400016784668,50.877437591552734,47.589439392089844,176.34588623046875,52.69562530517578
2015-12-01,26.45652961730957,33.952999114990234,51.587039947509766,48.351219177246094,178.02749633789062,52.84403610229492
2015-12-02,26.217525482177734,33.800498962402344,50.86219024658203,48.34245681762695,176.21072387695312,51.33401107788086
2015-12-03,25.97402000427246,33.3125,50.20601272583008,47.45808029174805,173.74327087402344,50.598388671875
2015-12-04,26.837562561035156,33.63199996948242,51.80070877075195,48.95537567138672,177.13182067871094,50.88877487182617
2015-12-07,26.668468475341797,33.49150085449219,51.121620178222656,48.867835998535156,176.05860900878906,49.55943298339844
2015-12-08,26.65718650817871,33.86650085449219,50.32807540893555,48.85032653808594,174.87559509277344,48.159122467041016
2015-12-09,26.0687198638916,33.239498138427734,49.94658279418945,48.141075134277344,173.51510620117188,48.80443572998047
2015-12-10,26.192724227905273,33.11600112915039,50.061038970947266,48.394996643066406,173.9629669189453,48.84315490722656
2015-12-11,25.51857566833496,32.00749969482422,48.885990142822266,47.335506439208984,170.59141540527344,47.971988677978516
2015-12-14,25.36074447631836,32.89550018310547,49.038597106933594,48.28116989135742,171.45323181152344,49.06254959106445
2015-12-15,24.912063598632812,32.93199920654297,50.434898376464844,48.33369064331055,173.25318908691406,51.25658416748047
2015-12-16,25.10371208190918,33.78850173950195,51.52602005004883,49.14802169799805,175.78822326660156,51.0759162902832
2015-12-17,24.571603775024414,33.532501220703125,50.572242736816406,48.771514892578125,173.10951232910156,50.30799102783203
2015-12-18,23.906471252441406,33.207000732421875,49.13779067993164,47.396793365478516,170.02554321289062,49.869171142578125
2015-12-21,24.199573516845703,33.22549819946289,50.00761795043945,48.00971984863281,171.42813110351562,49.85627365112305
2015-12-22,24.177034378051758,33.157501220703125,50.11442947387695,48.46504211425781,172.98370361328125,50.107948303222656
2015-12-23,24.48818016052246,33.185001373291016,50.915592193603516,48.87657165527344,175.12582397460938,51.74702835083008
2015-12-24,24.357410430908203,33.13949966430664,50.816410064697266,48.745243072509766,174.83677673339844,51.19206237792969
2015-12-28,24.084590911865234,33.7599983215332,50.6485481262207,48.990421295166016,174.4373016357422,50.81132507324219
2015-12-29,24.517488479614258,34.69850158691406,51.17503356933594,49.515769958496094,176.2988739013672,51.082359313964844
2015-12-30,24.19732666015625,34.45349884033203,50.80876922607422,49.30563735961914,175.0492706298828,50.4047966003418
2015-12-31,23.732858657836914,33.794498443603516,50.38150405883789,48.57887268066406,173.2981719970703,50.301544189453125
2016-01-04,23.75314712524414,31.84950065612793,48.868282318115234,47.983463287353516,170.87559509277344,49.98533248901367
2016-01-05,23.157917022705078,31.68950080871582,48.9527702331543,48.202354431152344,171.16465759277344,50.41122817993164
2016-01-06,22.7047176361084,31.63249969482422,48.246097564697266,47.326744079589844,169.0055389404297,49.99178695678711
2016-01-07,21.746477127075195,30.39699935913086,46.29505920410156,45.680599212646484,164.95079040527344,49.19160842895508
2016-01-08,21.861469268798828,30.352500915527344,45.25808334350586,45.820709228515625,163.1402130126953,48.197837829589844
2016-01-11,22.215450286865234,30.886999130249023,45.1889533996582,45.794437408447266,163.3017120361328,47.55254364013672
2016-01-12,22.53786849975586,30.894500732421875,45.28881072998047,46.214725494384766,164.6192626953125,48.526939392089844
2016-01-13,21.958417892456055,29.090499877929688,44.044437408447266,45.21653747558594,160.5135955810547,48.81732940673828
2016-01-14,22.43866729736328,29.649999618530273,44.70503616333008,46.503684997558594,163.148681640625,51.05654525756836
2016-01-15,21.899799346923828,28.509000778198242,43.81400680541992,44.647377014160156,159.64651489257812,50.06276321411133
2016-01-19,21.793827056884766,28.724000930786133,43.79096221923828,44.2708740234375,159.8590545654297,49.30131149291992
2016-01-20,21.823135375976562,28.588499069213867,42.638755798339844,44.47227096557617,157.8104248046875,47.22343444824219
2016-01-21,21.712657928466797,28.750999450683594,42.439048767089844,44.200809478759766,158.6944580078125,47.81709289550781
2016-01-22,22.867063522338867,29.819000244140625,43.7448616027832,45.785675048828125,161.95016479492188,49.41102600097656
2016-01-25,22.42064094543457,29.826499938964844,42.75398635864258,45.347877502441406,159.50204467773438,47.73966979980469
2016-01-26,22.544639587402344,30.0625,43.844722747802734,45.680599212646484,161.67813110351562,49.494903564453125
2016-01-27,21.063308715820312,29.167499542236328,43.81400680541992,44.84877395629883,159.9185333251953,48.58502960205078
2016-01-28,21.214372634887695,31.767499923706055,43.998348236083984,45.584285736083984,160.75161743164062,49.68203353881836
2016-01-29,21.947139739990234,29.350000381469727,45.7036018371582,48.237388610839844,164.67030334472656,50.237003326416016
2016-02-01,21.741973876953125,28.74049949645996,45.21199035644531,47.9046630859375,164.61080932617188,49.230323791503906
2016-02-02,21.30229949951172,27.604999542236328,43.806331634521484,46.407352447509766,161.6441650390625,48.133304595947266
2016-02-03,21.723926544189453,26.553499221801758,44.09821319580078,45.67184829711914,162.61322021484375,50.643550872802734
2016-02-04,21.898488998413086,26.812999725341797,44.85866165161133,45.5317497253418,162.86822509765625,51.514713287353516
2016-02-05,21.313617706298828,25.10650062561035,44.359371185302734,43.920623779296875,159.76556396484375,51.6760368347168
2016-02-08,21.538043975830078,24.405000686645508,43.4299430847168,43.263916015625,157.61492919921875,52.37295913696289
2016-02-09,21.53350830078125,24.103500366210938,43.16877365112305,43.15008544921875,157.62339782714844,52.14505386352539
2016-02-10,21.37029457092285,24.52400016784668,42.646453857421875,43.52660369873047,157.48739624023438,51.66971206665039
2016-02-11,21.241073608398438,25.19099998474121,40.76453399658203,43.50908660888672,155.43881225585938,51.832515716552734
2016-02-12,21.30681610107422,25.354000091552734,44.15964889526367,44.21833038330078,158.6434783935547,52.7636604309082
2016-02-16,21.907550811767578,26.05500030517578,44.820247650146484,45.05613327026367,161.32110595703125,52.88737487792969
2016-02-17,22.243057250976562,26.704999923706055,45.14286422729492,46.22905731201172,163.95628356933594,53.39529800415039
2016-02-18,21.821413040161133,26.25,44.40546798706055,46.02622604370117,163.28468322753906,53.68830490112305
2016-02-19,21.77153778076172,26.7450008392334,44.41313934326172,45.699928283691406,163.20823669433594,53.72087478637695
2016-02-22,21.96196174621582,27.975000381469727,44.989234924316406,46.43190002441406,165.57131958007812,53.64925003051758
2016-02-23,21.46550750732422,27.64699935913086,43.10732650756836,45.135501861572266,163.48025512695312,52.893890380859375
2016-02-24,21.78513526916504,27.70199966430664,43.1226806640625,45.29425048828125,164.22828674316406,53.08272171020508
2016-02-25,21.93476104736328,27.75749969482422,43.79096221923828,45.94684982299805,166.2173309326172,53.40180206298828
2016-02-26,21.968759536743164,27.761499404907227,44.19807052612305,45.241329193115234,165.8348388671875,53.23249816894531
2016-02-29,21.91889190673828,27.625999450683594,43.245582580566406,44.870948791503906,164.53428649902344,52.19063186645508
2016-03-01,22.789386749267578,28.95199966430664,45.47315979003906,46.370174407958984,168.4019775390625,52.92644500732422
2016-03-02,22.839258193969727,29.010499954223633,45.90330505371094,46.69647216796875,169.1585235595703,53.85110092163086
2016-03-03,23.009273529052734,28.874500274658203,46.056941986083984,46.167320251464844,169.8216094970703,53.655765533447266
2016-03-04,23.351577758789062,28.756999969482422,46.12607192993164,45.88511657714844,170.3740997314453,53.58412551879883
2016-03-07,23.093151092529297,28.139999389648438,46.041568756103516,45.00322341918945,170.5100860595703,54.997154235839844
2016-03-08,22.90273094177246,28.01300048828125,45.15053939819336,45.54999542236328,168.6484832763672,53.80552673339844
2016-03-09,22.923128128051758,27.973499298095703,45.41171646118164,46.599449157714844,169.48155212402344,53.655765533447266
2016-03-10,22.93446922302246,27.946500778198242,45.019962310791016,45.90275192260742,169.61753845214844,53.512489318847656
2016-03-11,23.181560516357422,28.480499267578125,45.58070373535156,46.802284240722656,172.3546600341797,53.51901626586914
2016-03-14,23.240503311157227,28.668500900268555,45.41171646118164,46.89048767089844,172.13368225097656,53.662269592285156
2016-03-15,23.707494735717773,28.85099983215332,45.47315979003906,47.26088333129883,171.85317993164062,53.92924118041992
2016-03-16,24.0225887298584,28.713499069213867,45.25808334350586,47.931114196777344,172.8477020263672,53.961822509765625
2016-03-17,23.984058380126953,27.972000122070312,45.12750244140625,48.204505920410156,173.94427490234375,54.762752532958984
2016-03-18,24.01125717163086,27.604000091552734,46.45635986328125,47.172691345214844,174.62779235839844,54.827850341796875
2016-03-21,24.008987426757812,27.698999404907227,46.440982818603516,47.498985290527344,174.8755645751953,54.45016860961914
2016-03-22,24.192609786987305,28.02400016784668,46.27200698852539,47.68418884277344,174.78158569335938,54.7757453918457
2016-03-23,24.05885887145996,28.48150062561035,46.041568756103516,47.596004486083984,173.62815856933594,54.53481674194336
2016-03-24,23.954586029052734,29.147499084472656,45.688232421875,47.80766296386719,173.55125427246094,54.684593200683594
2016-03-28,23.84577178955078,28.993499755859375,45.62677764892578,47.21678924560547,173.65377807617188,54.84086227416992
2016-03-29,24.41023063659668,29.69300079345703,45.34257507324219,48.24860382080078,175.26007080078125,55.042720794677734
2016-03-30,24.83641815185547,29.934499740600586,45.864906311035156,48.54844665527344,176.02903747558594,55.036231994628906
2016-03-31,24.707202911376953,29.68199920654297,45.488521575927734,48.70718765258789,175.60182189941406,54.430641174316406
2016-04-01,24.93389320373535,29.924999237060547,45.98779296875,49.007041931152344,176.7980499267578,54.0203971862793
2016-04-04,25.190061569213867,29.659500122070312,45.80982971191406,48.88357162475586,176.2255859375,54.150638580322266
2016-04-05,24.893089294433594,29.30699920654297,45.15982437133789,48.11631393432617,174.4654541015625,53.53202438354492
2016-04-06,25.153789520263672,30.104000091552734,45.5080451965332,48.61018371582031,176.3708038330078,54.248329162597656
2016-04-07,24.60519027709961,29.571500778198242,44.35505294799805,48.028133392333984,174.26039123535156,53.63621520996094
2016-04-08,24.63239860534668,29.729999542236328,44.680057525634766,47.99285125732422,174.73037719726562,54.183189392089844
2016-04-11,24.71400260925293,29.796499252319336,45.0360107421875,47.89583969116211,174.32020568847656,54.25482940673828
2016-04-12,25.03591537475586,30.15850067138672,45.871734619140625,48.19569778442383,175.94361877441406,54.925506591796875
2016-04-13,25.39861488342285,30.740999221801758,47.81400680541992,48.81301498413086,177.7207489013672,55.23808288574219
2016-04-14,25.412216186523438,31.037500381469727,48.43306350708008,48.821842193603516,177.7293701171875,55.6287841796875
2016-04-15,24.90216064453125,31.29450035095215,47.87590408325195,49.07759094238281,177.5327911376953,55.32924270629883
2016-04-18,24.36489486694336,31.767499923706055,48.18544387817383,49.791927337646484,178.7803192138672,55.856689453125
2016-04-19,24.235687255859375,31.395000457763672,48.9979362487793,49.73019790649414,179.34423828125,56.13668441772461
2016-04-20,24.28555679321289,31.649499893188477,49.7098503112793,49.02468490600586,179.51516723632812,56.52088165283203
2016-04-21,24.0225887298584,31.549999237060547,49.21460723876953,49.19223403930664,178.5496063232422,56.51436996459961
2016-04-22,23.956850051879883,31.024999618530273,49.50091552734375,45.664634704589844,178.5496063232422,56.996219635009766
2016-04-25,23.820833206176758,31.309999465942383,49.21460723876953,45.95567321777344,178.2420196533203,56.865997314453125
2016-04-26,23.65534782409668,30.8439998626709,49.469966888427734,45.364803314208984,178.50689697265625,57.06132507324219
2016-04-27,22.175050735473633,30.328500747680664,49.609256744384766,44.923851013183594,178.874267578125,57.601802825927734
2016-04-28,21.497243881225586,30.100000381469727,49.21460723876953,44.00667953491211,177.25088500976562,57.32176971435547
2016-04-29,21.25014877319336,32.97949981689453,48.90508270263672,43.98021697998047,176.29391479492188,57.562740325927734
2016-05-02,21.227474212646484,34.192501068115234,49.36163330078125,44.6328239440918,177.6951904296875,58.03807830810547
2016-05-03,21.576581954956055,33.566001892089844,48.40985107421875,43.900840759277344,176.14865112304688,57.373897552490234
2016-05-04,21.352157592773438,33.54499816894531,47.64377212524414,43.98021697998047,175.16612243652344,57.2631950378418
2016-05-05,21.265487670898438,32.954498291015625,47.388397216796875,44.04194259643555,175.13194274902344,57.32830047607422
2016-05-06,21.14688491821289,33.6974983215332,47.666988372802734,44.438804626464844,175.7727813720703,57.63434982299805
2016-05-09,21.162857055664062,33.98749923706055,47.365196228027344,44.15660095214844,175.91799926757812,57.673439025878906
2016-05-10,21.306541442871094,35.153499603271484,48.0074577331543,44.994407653808594,178.10531616210938,58.59806442260742
2016-05-11,21.098995208740234,35.6614990234375,47.8294792175293,45.0208740234375,176.43917846679688,58.315738677978516
2016-05-12,20.604080200195312,35.89649963378906,47.79852294921875,45.4265251159668,176.4904327392578,58.88041687011719
2016-05-13,20.645130157470703,35.49599838256836,47.357452392578125,45.047325134277344,174.9525146484375,58.21723556518555
2016-05-16,21.41145133972168,35.53300094604492,47.713417053222656,45.708740234375,176.67843627929688,58.81475830078125
2016-05-17,21.322505950927734,34.76350021362305,47.713417053222656,44.856201171875,175.0294189453125,58.788509368896484
2016-05-18,21.566545486450195,34.872501373291016,49.555084228515625,45.12261962890625,175.0806121826172,58.670310974121094
2016-05-19,21.484434127807617,34.92599868774414,49.05210494995117,44.687461853027344,174.47401428222656,59.169342041015625
2016-05-20,21.71707534790039,35.13999938964844,49.144962310791016,44.95387649536133,175.5762176513672,58.9263916015625
2016-05-23,21.993043899536133,34.837501525878906,49.10627746582031,44.4299201965332,175.3369598388672,58.83449172973633
2016-05-24,22.328310012817383,35.209999084472656,49.941993713378906,45.815303802490234,177.60971069335938,58.88041687011719
2016-05-25,22.720592498779297,35.41749954223633,50.7003288269043,46.28597640991211,178.8144989013672,59.267845153808594
2016-05-26,22.90077018737793,35.74549865722656,50.321170806884766,46.08172607421875,178.86573791503906,58.96577453613281
2016-05-27,22.887083053588867,35.61199951171875,50.630680084228516,46.46360778808594,179.634765625,59.10367965698242
2016-05-31,22.77532386779785,36.13949966430664,50.50688552856445,47.06747817993164,179.29290771484375,58.45360565185547
2016-06-01,22.456026077270508,35.97200012207031,50.831878662109375,46.93427276611328,179.66033935546875,58.59805679321289
2016-06-02,22.287246704101562,36.4119987487793,50.92473220825195,46.605682373046875,180.20721435546875,58.13186264038086
2016-06-03,22.33286476135254,36.277000427246094,50.01937484741211,45.992916107177734,179.6689453125,58.02680206298828
2016-06-06,22.494796752929688,36.33649826049805,50.51460266113281,46.294864654541016,180.58316040039062,58.66372299194336
2016-06-07,22.586034774780273,36.1870002746582,50.34437942504883,46.26822280883789,180.86508178710938,59.563316345214844
2016-06-08,22.56549644470215,36.332000732421875,50.49140930175781,46.214935302734375,181.4546661376953,59.615867614746094
2016-06-09,22.727434158325195,36.38249969482422,50.104488372802734,45.841957092285156,181.20687866210938,59.53707504272461
2016-06-10,22.54041862487793,35.89550018310547,49.40032958984375,45.717620849609375,179.48947143554688,59.08397674560547
2016-06-13,22.200584411621094,35.762001037597656,48.95925521850586,44.527610778808594,178.10531616210938,59.484519958496094
2016-06-14,22.22795867919922,35.96500015258789,48.038414001464844,44.2523078918457,177.75498962402344,59.37948226928711
2016-06-15,22.154970169067383,35.7130012512207,47.95330047607422,44.12799072265625,177.50723266601562,59.20218276977539
2016-06-16,22.24847984313965,35.8754997253418,48.14675521850586,44.74962615966797,178.0369415283203,59.8982048034668
2016-06-17,21.74216079711914,35.31949996948242,48.19318389892578,44.518733978271484,177.37393188476562,59.569915771484375
2016-06-20,21.689706802368164,35.70050048828125,48.262813568115234,44.465450286865234,178.51622009277344,59.83253860473633
2016-06-21,21.874439239501953,35.79100036621094,48.711631774902344,45.46007537841797,179.02296447753906,60.10177993774414
2016-06-22,21.792335510253906,35.529998779296875,48.525917053222656,45.282466888427734,178.73089599609375,59.8653678894043
2016-06-23,21.917768478393555,36.104000091552734,49.562828063964844,46.099491119384766,181.05844116210938,60.27906036376953
2016-06-24,21.301982879638672,34.948001861572266,46.11934280395508,44.2523078918457,174.5568389892578,58.69657516479492
2016-06-27,20.991802215576172,34.56800079345703,44.57945251464844,43.009010314941406,171.4306182861328,58.34857177734375
2016-06-28,21.345319747924805,35.397499084472656,46.057456970214844,43.90596389770508,174.52247619628906,59.69464874267578
2016-06-29,21.530054092407227,35.779998779296875,47.357452392578125,44.882850646972656,177.49415588378906,60.712432861328125
2016-06-30,21.80373764038086,35.78099822998047,48.0848388671875,45.44231033325195,179.9161376953125,61.55294418334961
2016-07-01,21.86988067626953,36.284000396728516,47.77290344238281,45.433441162109375,180.29403686523438,61.618614196777344
2016-07-05,21.66461753845215,36.404998779296875,46.43937683105469,45.44231033325195,178.99717712402344,61.080169677734375
2016-07-06,21.787776947021484,36.88050079345703,46.9384765625,45.62881851196289,180.07081604003906,61.782737731933594
2016-07-07,21.88128662109375,36.82849884033203,47.242610931396484,45.62881851196289,179.95913696289062,61.040740966796875
2016-07-08,22.0500545501709,37.29050064086914,48.2174072265625,46.445838928222656,182.6387939453125,61.42161560058594
2016-07-11,22.118486404418945,37.68899917602539,48.560543060302734,46.70337677001953,183.2829132080078,61.65142822265625
2016-07-12,22.218833923339844,37.410499572753906,49.285789489746094,47.253963470458984,184.61422729492188,62.34747314453125
2016-07-13,22.093395233154297,37.131500244140625,49.25459289550781,47.52039337158203,184.58837890625,62.30150604248047
2016-07-14,22.531295776367188,37.060001373291016,50.003238677978516,47.72463607788086,185.61904907226562,62.34747314453125
2016-07-15,22.529010772705078,36.77199935913086,50.05003356933594,47.689125061035156,185.3699493408203,62.45909118652344
2016-07-18,22.76848602294922,36.80350112915039,49.87846755981445,47.920021057128906,185.86813354492188,62.26209259033203
2016-07-19,22.777606964111328,36.997501373291016,49.80049133300781,47.14741516113281,185.6791534423828,62.03227996826172
2016-07-20,22.79813575744629,37.2859992980957,49.85506820678711,49.65175247192383,186.45217895507812,61.677669525146484
2016-07-21,22.67725944519043,37.221500396728516,49.66790771484375,49.55406188964844,185.74789428710938,61.62516403198242
2016-07-22,22.501644134521484,37.24300003051758,49.94085693359375,50.23787307739258,186.5810089111328,61.730224609375
2016-07-25,22.200584411621094,36.980499267578125,49.80827713012695,50.37997055053711,186.07427978515625,60.54172134399414
2016-07-26,22.04778480529785,36.77949905395508,50.011024475097656,50.40660858154297,186.16017150878906,60.10177993774414
2016-07-27,23.480072021484375,36.833499908447266,50.16700744628906,49.900421142578125,185.962646484375,59.69464874267578
2016-07-28,23.79709243774414,37.63050079345703,49.98764419555664,49.91815948486328,186.17735290527344,59.228450775146484
2016-07-29,23.767446517944336,37.94049835205078,49.88626480102539,50.335567474365234,186.47796630859375,58.40764236450195
2016-08-01,24.187103271484375,38.387001037597656,49.75369644165039,50.24676513671875,186.3233642578125,56.378658294677734
2016-08-02,23.829025268554688,38.02899932861328,49.636722564697266,50.24676513671875,185.12954711914062,57.153480529785156
2016-08-03,24.127792358398438,37.731998443603516,50.42435836791992,50.593109130859375,185.6705780029297,57.448970794677734
2016-08-04,24.27684783935547,38.03850173950195,50.34636306762695,50.96608352661133,185.86813354492188,57.44240188598633
2016-08-05,24.646034240722656,38.29899978637695,51.70329284667969,51.472293853759766,187.3883056640625,57.49494552612305
2016-08-08,24.850114822387695,38.327999114990234,51.54731369018555,51.56110763549805,187.27671813964844,58.1712532043457
2016-08-09,24.95101547241211,38.41550064086914,51.36796569824219,51.685420989990234,187.3883056640625,58.24348449707031
2016-08-10,24.76527214050293,38.428001403808594,50.907840728759766,51.525569915771484,186.9245147705078,57.22364807128906
2016-08-11,24.749223709106445,38.5620002746582,51.04822540283203,51.77422332763672,187.79202270507812,57.4289436340332
2016-08-12,24.806554794311523,38.62799835205078,50.939056396484375,51.45452880859375,187.62881469726562,58.17728042602539
2016-08-15,25.104652404785156,38.42449951171875,51.25096893310547,51.614383697509766,188.16989135742188,58.150787353515625
2016-08-16,25.081716537475586,38.20199966430664,51.24318313598633,51.32841491699219,187.1993865966797,58.22361755371094
2016-08-17,25.045032501220703,38.23149871826172,51.38355255126953,51.4356689453125,187.5515594482422,58.34944152832031
2016-08-18,25.012928009033203,38.222999572753906,51.43034744262695,51.471397399902344,187.97235107421875,58.879249572753906
2016-08-19,25.077136993408203,37.865501403808594,51.36014938354492,51.48927688598633,187.697509765625,58.14415740966797
2016-08-22,24.88222885131836,37.9739990234375,51.31338119506836,51.53395462036133,187.68899536132812,58.269996643066406
2016-08-23,24.960182189941406,38.122501373291016,51.28996658325195,51.73054885864258,188.06678771972656,58.0911865234375
2016-08-24,24.772153854370117,37.86249923706055,51.43034744262695,51.784156799316406,187.10488891601562,58.28985595703125
2016-08-25,24.666671752929688,37.96099853515625,51.52393341064453,51.98075866699219,186.97607421875,57.91899490356445
2016-08-26,24.52220916748047,38.45000076293945,51.64090347290039,51.85564422607422,186.6239776611328,57.793190002441406
2016-08-29,24.49468994140625,38.56449890136719,52.21019744873047,51.91820526123047,187.54293823242188,58.17066192626953
2016-08-30,24.306657791137695,38.37900161743164,52.639095306396484,51.73054885864258,187.23374938964844,57.95872497558594
2016-08-31,24.32958984375,38.45800018310547,52.639095306396484,51.34629440307617,186.7012939453125,57.70708084106445
2016-09-01,24.47405242919922,38.53099822998047,52.41292953491211,51.46247863769531,186.70982360839844,57.508419036865234
2016-09-02,24.7033634185791,38.62200164794922,52.63130569458008,51.53395462036133,187.5515594482422,57.89250183105469
2016-09-06,24.696483612060547,39.44350051879883,52.592315673828125,51.4803352355957,188.1183624267578,58.654090881347656
2016-09-07,24.847829818725586,39.2239990234375,52.373939514160156,51.52500915527344,188.1012420654297,58.43553924560547
2016-09-08,24.196592330932617,39.202999114990234,52.444129943847656,51.31948471069336,187.6717987060547,58.97193908691406
2016-09-09,23.648544311523438,38.00699996948242,51.97623825073242,50.229286193847656,183.1798858642578,57.508419036865234
2016-09-12,24.17824935913086,38.574501037597656,52.29595947265625,50.97993087768555,185.80804443359375,57.80641555786133
2016-09-13,24.753807067871094,38.050498962402344,51.882652282714844,50.51524353027344,183.136962890625,56.42897415161133
2016-09-14,25.62977409362793,38.054500579833984,51.78127670288086,50.27396774291992,183.06820678710938,56.0250129699707
2016-09-15,26.50113868713379,38.484500885009766,51.96843338012695,51.10502624511719,184.8976287841797,56.34288787841797
2016-09-16,26.35209083557129,38.92599868774414,51.3289680480957,51.15864181518555,184.18283081054688,55.64754104614258
2016-09-19,26.044815063476562,38.755001068115234,51.617530822753906,50.87268829345703,184.21737670898438,55.51509094238281
2016-09-20,26.042518615722656,39.01100158691406,51.82805633544922,50.76546096801758,184.22604370117188,54.66081619262695
2016-09-21,26.037935256958008,39.48699951171875,52.1244010925293,51.614376068115234,186.29774475097656,55.16411209106445
2016-09-22,26.28329849243164,40.23500061035156,52.55331039428711,51.66800308227539,187.47171020507812,55.32304000854492
2016-09-23,25.845319747924805,40.287498474121094,52.444129943847656,51.31948471069336,186.44442749023438,55.263431549072266
2016-09-26,25.884300231933594,39.95800018310547,51.29777526855469,50.845882415771484,184.9338836669922,55.00517654418945
2016-09-27,25.93245506286621,40.80550003051758,51.75008010864258,51.784156799316406,186.0819549560547,55.12437057495117
2016-09-28,26.12965965270996,41.43600082397461,52.02302551269531,51.85564422607422,187.0055694580078,57.54814529418945
2016-09-29,25.723785400390625,41.45249938964844,51.19639587402344,51.29267501831055,185.31365966796875,57.25675964355469
2016-09-30,25.92328453063965,41.865501403808594,51.929443359375,51.471397399902344,186.71209716796875,57.7998161315918
2016-10-03,25.80174446105957,41.83700180053711,51.8670539855957,51.310550689697266,186.26321411132812,57.64749526977539
2016-10-04,25.911813735961914,41.701499938964844,52.314796447753906,51.14970397949219,185.31365966796875,57.11769485473633
2016-10-05,25.92328453063965,42.21799850463867,53.170989990234375,51.50714874267578,186.13368225097656,57.614376068115234
2016-10-06,26.115894317626953,42.08300018310547,53.312381744384766,51.59650802612305,186.26321411132812,57.64086151123047
2016-10-07,26.15488624572754,41.971500396728516,53.500911712646484,51.65012741088867,185.62442016601562,57.442176818847656
2016-10-10,26.611207962036133,42.08549880981445,53.91724395751953,51.86457443237305,186.59124755859375,58.5679817199707
2016-10-11,26.668540954589844,41.54999923706055,53.65801239013672,51.10502624511719,184.2346649169922,58.10441207885742
2016-10-12,26.90700912475586,41.704498291015625,53.5166130065918,51.03353500366211,184.4763641357422,57.70045852661133
2016-10-13,26.824466705322266,41.4640007019043,53.210269927978516,50.863765716552734,183.87213134765625,57.32297897338867
2016-10-14,26.973512649536133,41.14799880981445,53.037452697753906,51.310550689697266,183.96705627441406,57.30974197387695
2016-10-17,26.955162048339844,40.647499084472656,52.76253890991211,51.131832122802734,183.3282928466797,57.30974197387695
2016-10-18,26.93682098388672,40.88249969482422,53.17884063720703,51.52500915527344,184.4763641357422,57.462059020996094
2016-10-19,26.856563568115234,40.884498596191406,53.689422607421875,51.40884017944336,184.96835327148438,57.726959228515625
2016-10-20,26.842803955078125,40.51599884033203,53.61873245239258,51.15864181518555,184.6231231689453,57.75343322753906
2016-10-21,26.73733139038086,40.949501037597656,53.799415588378906,53.31221008300781,184.70948791503906,57.36272048950195
2016-10-24,26.978097915649414,41.90449905395508,54.097896575927734,54.5096435546875,185.49493408203125,57.55476379394531
2016-10-25,27.115680694580078,41.75899887084961,54.04291915893555,54.500709533691406,184.87347412109375,57.4289436340332
2016-10-26,26.50572395324707,41.12950134277344,54.30213928222656,54.17900848388672,184.50222778320312,57.67397689819336
2016-10-27,26.251192092895508,40.917999267578125,54.38067626953125,53.70539855957031,184.01025390625,57.56138229370117
2016-10-28,26.07691764831543,38.816001892089844,54.28641128540039,53.499874114990234,183.4663848876953,56.144203186035156
2016-10-31,26.035648345947266,39.49100112915039,54.40424346923828,53.5445556640625,183.4750518798828,55.1773567199707
2016-11-01,25.5655574798584,39.27050018310547,54.17644119262695,53.43732452392578,182.1457061767578,55.395877838134766
2016-11-02,25.588491439819336,38.27799987792969,53.94865036010742,53.106693267822266,181.04946899414062,55.263431549072266
2016-11-03,25.3142147064209,38.35150146484375,53.71299362182617,52.91010284423828,180.2207489013672,55.40251541137695
2016-11-04,25.086036682128906,37.752498626708984,53.225982666015625,52.46329116821289,180.02223205566406,55.34290313720703
2016-11-07,25.447895050048828,39.246498107910156,54.89125442504883,53.99136734008789,183.9929656982422,56.58789825439453
2016-11-08,25.59770965576172,39.38750076293945,55.00909423828125,54.036041259765625,184.8217010498047,56.995452880859375
2016-11-09,25.55622673034668,38.59400177001953,57.538421630859375,53.767948150634766,186.78115844726562,57.62345886230469
2016-11-10,24.844026565551758,37.11899948120117,60.20914077758789,52.45436477661133,187.24728393554688,58.157955169677734
2016-11-11,24.991533279418945,36.95050048828125,60.240570068359375,52.74031448364258,186.81570434570312,57.2359619140625
2016-11-14,24.36461639404297,35.95349884033203,62.45571517944336,51.93607711791992,186.9623565673828,56.97542190551758
2016-11-15,24.687297821044922,37.1619987487793,62.3378791809082,52.961669921875,188.42124938964844,58.0042610168457
2016-11-16,25.351089477539062,37.324501037597656,60.79825973510742,53.66337966918945,188.06727600097656,57.289424896240234
2016-11-17,25.341873168945312,37.81999969482422,61.285301208496094,54.55402755737305,189.0341339111328,56.942020416259766
2016-11-18,25.36722755432129,38.007999420166016,61.04176712036133,54.29311752319336,188.6111297607422,56.97542190551758
2016-11-21,25.752134323120117,39.0,61.308841705322266,54.751949310302734,190.0354461669922,57.78379440307617
2016-11-22,25.768264770507812,39.26649856567383,61.685890197753906,54.985836029052734,190.40658569335938,57.910736083984375
2016-11-23,25.636892318725586,39.00600051879883,61.94511413574219,54.33811569213867,190.5102081298828,58.07107925415039
2016-11-25,25.76597023010254,39.01850128173828,61.92156219482422,54.455055236816406,191.218017578125,58.204715728759766
2016-11-28,25.71525764465332,38.3385009765625,61.52094268798828,54.527034759521484,190.32029724121094,57.77044677734375
2016-11-29,25.68990707397461,38.125999450683594,61.992244720458984,54.958858489990234,190.6914825439453,57.38962173461914
2016-11-30,25.473251342773438,37.528499603271484,62.9741325378418,54.212154388427734,190.2339630126953,58.324974060058594
2016-12-01,25.235843658447266,37.182498931884766,64.24666595458984,53.258548736572266,189.53475952148438,58.28485870361328
2016-12-02,25.33034896850586,37.016998291015625,64.097412109375,53.303524017333984,189.6296844482422,58.15126037597656
2016-12-05,25.14826011657715,37.96799850463867,65.40135192871094,54.17616271972656,190.76919555664062,58.445220947265625
2016-12-06,25.341873168945312,38.236000061035156,65.7391128540039,53.93327331542969,191.37339782714844,58.498680114746094
2016-12-07,25.59079933166504,38.520999908447266,66.03761291503906,55.21076202392578,193.876708984375,58.83939743041992
2016-12-08,25.842023849487305,38.36650085449219,66.86238861083984,54.88688278198242,194.35150146484375,59.00642395019531
2016-12-09,26.263811111450195,38.43299865722656,67.15301513671875,55.75053024291992,195.52540588378906,59.46072006225586
2016-12-12,26.11400032043457,38.00600051879883,66.55604553222656,55.930450439453125,195.30101013183594,60.783573150634766
2016-12-13,26.54962158203125,38.71699905395508,66.57959747314453,56.65916061401367,196.6044464111328,61.852542877197266
2016-12-14,26.54962158203125,38.441001892089844,66.55604553222656,56.3892822265625,194.98159790039062,60.516319274902344
2016-12-15,26.694820404052734,38.04999923706055,67.55362701416016,56.29932403564453,195.78436279296875,60.72344207763672
2016-12-16,26.729394912719727,37.88850021362305,66.72098541259766,56.04740905761719,195.4014892578125,60.91719055175781
2016-12-19,26.883821487426758,38.29999923706055,67.10588073730469,57.23493194580078,195.8269500732422,60.409423828125
2016-12-20,26.955265045166016,38.56100082397461,67.96996307373047,57.162967681884766,196.58236694335938,60.4161262512207
2016-12-21,26.980621337890625,38.529998779296875,68.14276123046875,57.162967681884766,196.03533935546875,60.31589889526367
2016-12-22,26.803146362304688,38.31700134277344,68.25272369384766,57.171958923339844,195.69674682617188,60.71007537841797
2016-12-23,26.856157302856445,38.02949905395508,68.37843322753906,56.8930778503418,195.98324584960938,60.6031608581543
2016-12-27,27.02672004699707,38.56999969482422,68.44124603271484,56.92906951904297,196.46946716308594,60.62990188598633
2016-12-28,26.911483764648438,38.60649871826172,67.9464111328125,56.66815948486328,194.84580993652344,60.32925033569336
2016-12-29,26.904563903808594,38.25749969482422,67.46721649169922,56.58720397949219,194.80233764648438,60.362674713134766
2016-12-30,26.694820404052734,37.493499755859375,67.78142547607422,55.90347671508789,194.09039306640625,60.30253601074219
2017-01-03,26.770883560180664,37.68349838256836,68.51981353759766,56.29932403564453,195.57513427734375,60.72344207763672
2017-01-04,26.740922927856445,37.85900115966797,68.64619445800781,56.04740905761719,196.73867797851562,60.05533981323242
2017-01-05,26.876909255981445,39.022499084472656,68.0143051147461,56.04740905761719,196.58236694335938,59.16009521484375
2017-01-06,27.176536560058594,39.79949951171875,68.022216796875,56.533226013183594,197.28567504882812,59.126678466796875
2017-01-09,27.425457000732422,39.84600067138672,68.06958770751953,56.353294372558594,196.63449096679688,58.15126037597656
2017-01-10,27.453121185302734,39.79499816894531,68.26705932617188,56.33529281616211,196.63449096679688,57.40966796875
2017-01-11,27.600631713867188,39.95100021362305,68.78044891357422,56.84809494018555,197.19020080566406,57.99758529663086
2017-01-12,27.485393524169922,40.68199920654297,68.11698150634766,56.326297760009766,196.6952667236328,57.683570861816406
2017-01-13,27.43699073791504,40.856998443603516,68.48031616210938,56.40726852416992,197.14675903320312,57.69026565551758
2017-01-17,27.658246994018555,40.486000061035156,65.99227905273438,56.25434112548828,196.45213317871094,58.36505889892578
2017-01-18,27.655948638916016,40.374000549316406,66.30030822753906,56.22734069824219,196.88623046875,57.64352798461914
2017-01-19,27.6075439453125,40.45199966430664,65.79483795166016,56.04740905761719,196.1569061279297,56.60795974731445
2017-01-20,27.658246994018555,40.416500091552734,66.0870590209961,56.44325256347656,196.8776092529297,57.3829460144043
2017-01-23,27.676692962646484,40.89400100708008,66.11864471435547,56.64117431640625,196.3652801513672,56.76830291748047
2017-01-24,27.651338577270508,41.12200164794922,66.9164047241211,57.14495849609375,197.6243133544922,56.84846496582031
2017-01-25,28.091571807861328,41.82600021362305,67.95109558105469,57.288917541503906,199.33486938476562,57.015499114990234
2017-01-26,28.105392456054688,41.95750045776367,68.51980590820312,57.8196907043457,199.12649536132812,57.189186096191406
2017-01-27,28.107702255249023,41.78850173950195,68.66199493408203,59.17814254760742,198.8139190673828,57.12907028198242
2017-01-30,28.0339412689209,41.51900100708008,67.95109558105469,58.5933952331543,197.58090209960938,56.69481658935547
2017-01-31,27.969402313232422,41.17399978637695,66.84530639648438,58.16156005859375,197.5635528564453,56.0467529296875
2017-02-01,29.67500114440918,41.61750030517578,67.09806823730469,57.19894790649414,197.6417236328125,55.41205596923828
2017-02-02,29.62428855895996,41.997501373291016,66.81368255615234,56.83011245727539,197.77200317382812,55.752777099609375
2017-02-03,29.75106430053711,40.5099983215332,68.85945129394531,57.288917541503906,199.13519287109375,55.81291580200195
2017-02-06,30.029943466186523,40.38199996948242,68.53559112548828,57.2529296875,198.77919006347656,55.659271240234375
2017-02-07,30.315750122070312,40.625,68.49612426757812,57.06400680541992,198.78785705566406,55.29848098754883
2017-02-08,30.433286666870117,40.98550033569336,67.89582061767578,56.98303985595703,199.04835510253906,54.934417724609375
2017-02-09,30.6532039642334,41.06800079345703,68.87525177001953,57.63075637817383,200.22923278808594,55.1771125793457
2017-02-10,30.583765029907227,41.37300109863281,68.71726989746094,57.576812744140625,201.0193634033203,55.635581970214844
2017-02-13,30.85460090637207,41.826499938964844,69.62557983398438,58.22454071044922,202.11338806152344,55.95920944213867
2017-02-14,31.25507354736328,41.81949996948242,70.73930358886719,58.441768646240234,202.9209747314453,55.83784484863281
2017-02-15,31.368486404418945,42.1349983215332,71.5528564453125,58.405555725097656,203.98031616210938,56.06706237792969
2017-02-16,31.33146095275879,42.207000732421875,71.50545501708984,58.396522521972656,203.80657958984375,55.48725509643555
2017-02-17,31.417112350463867,42.253501892089844,71.26850128173828,58.48701095581055,204.12783813476562,55.123191833496094
2017-02-21,31.643962860107422,42.821998596191406,71.88459014892578,58.369346618652344,205.3434600830078,55.21082305908203
2017-02-22,31.738861083984375,42.78049850463867,71.924072265625,58.25168228149414,205.1611785888672,54.563594818115234
2017-02-23,31.6046085357666,42.609500885009766,71.97940063476562,58.48701095581055,205.300048828125,55.13666915893555
2017-02-24,31.63469886779785,42.262001037597656,71.34748840332031,58.48701095581055,205.56056213378906,54.66474151611328
2017-02-27,31.69719696044922,42.43199920654297,71.42647552490234,58.13402557373047,205.8818359375,54.9748649597168
2017-02-28,31.711091995239258,42.25199890136719,71.57657623291016,57.90774917602539,205.32614135742188,54.826534271240234
2017-03-01,32.359249114990234,42.65399932861328,73.9303207397461,58.77665710449219,208.20021057128906,55.972679138183594
2017-03-02,32.167118072509766,42.445499420166016,72.77711486816406,57.93490219116211,206.8890838623047,56.16147232055664
2017-03-03,32.356937408447266,42.49399948120117,73.29843139648438,58.152130126953125,207.019287109375,55.595130920410156
2017-03-06,32.255088806152344,42.330501556396484,72.60335540771484,58.17022705078125,206.4027862548828,55.84458541870117
2017-03-07,32.296749114990234,42.30099868774414,72.20050811767578,58.287899017333984,205.7863006591797,55.635581970214844
2017-03-08,32.17637634277344,42.525001525878906,72.04254913330078,58.82191848754883,205.40428161621094,54.63102340698242
2017-03-09,32.10230255126953,42.650001525878906,72.326904296875,58.586570739746094,205.6647491455078,55.062496185302734
2017-03-10,32.20878219604492,42.62300109863281,72.09783935546875,58.7675895690918,206.38546752929688,55.02206802368164
2017-03-13,32.2226676940918,42.72949981689453,72.16104888916016,58.56847381591797,206.48963928222656,54.893951416015625
2017-03-14,32.17407989501953,42.62649917602539,72.27948760986328,58.29694747924805,205.69943237304688,54.60404586791992
2017-03-15,32.514347076416016,42.64849853515625,72.45329284667969,58.604671478271484,207.4794921875,55.28499984741211
2017-03-16,32.567588806152344,42.67100143432617,72.3822021484375,58.50511169433594,207.0714111328125,55.332191467285156
2017-03-17,32.405540466308594,42.615501403808594,71.6239242553711,58.71329879760742,206.70774841308594,55.28499984741211
2017-03-20,32.74581527709961,42.8484992980957,71.11051940917969,58.7675895690918,206.4810028076172,55.28499984741211
2017-03-21,32.370826721191406,42.15999984741211,69.02530670166016,58.115928649902344,203.8299102783203,55.17039108276367
2017-03-22,32.736572265625,42.40299987792969,69.1358871459961,58.858097076416016,204.30958557128906,55.123191833496094
2017-03-23,32.62081527709961,42.36899948120117,69.02530670166016,58.71329879760742,204.09152221679688,55.19060134887695
2017-03-24,32.55601119995117,42.28049850463867,68.94633483886719,58.81284713745117,203.9432830810547,54.76585388183594
2017-03-27,32.611568450927734,42.340999603271484,68.90684509277344,58.921451568603516,203.73394775390625,54.779335021972656
2017-03-28,33.28751754760742,42.79999923706055,69.98101806640625,59.09343338012695,205.21653747558594,55.1771125793457
2017-03-29,33.361576080322266,43.715999603271484,69.72038269042969,59.256343841552734,205.4083251953125,55.29848861694336
2017-03-30,33.31759262084961,43.81700134277344,70.32067108154297,59.47356414794922,206.06236267089844,56.431148529052734
2017-03-31,33.25509262084961,44.32699966430664,69.3807373046875,59.60931396484375,205.58273315429688,55.29172897338867
2017-04-03,33.264347076416016,44.57550048828125,69.12801361083984,59.32875442504883,205.2252655029297,55.332191467285156
2017-04-04,33.51204299926758,45.34149932861328,69.35836029052734,59.4916877746582,205.35609436035156,55.534461975097656
2017-04-05,33.33842468261719,45.4640007019043,68.46865844726562,59.337791442871094,204.74559020996094,55.642333984375
2017-04-06,33.25509262084961,44.91400146484375,68.69902038574219,59.4916877746582,205.3211212158203,55.965946197509766
2017-04-07,33.18102264404297,44.74399948120117,68.46070098876953,59.4464111328125,205.11183166503906,55.797401428222656
2017-04-10,33.141666412353516,45.35200119018555,68.22239685058594,59.310638427734375,205.23391723632812,56.04682922363281
2017-04-11,32.785186767578125,45.11800003051758,68.10323333740234,59.26539993286133,204.98976135253906,55.851318359375
2017-04-12,32.824527740478516,44.811500549316406,67.84107971191406,59.039119720458984,204.09152221679688,55.93898391723633
2017-04-13,32.65093231201172,44.23350143432617,67.04669189453125,58.78569412231445,202.7659149169922,55.07598876953125
2017-04-17,32.83146667480469,45.0994987487793,68.20650482177734,59.26539993286133,204.5624542236328,55.0018424987793
2017-04-18,32.685630798339844,45.18899917602539,67.6504135131836,59.18393325805664,203.9519805908203,54.64451599121094
2017-04-19,32.56526565551758,44.959999084472656,67.09434509277344,58.867156982421875,203.57699584960938,54.26694107055664
2017-04-20,32.97267532348633,45.10300064086914,67.96023559570312,59.28348922729492,205.23391723632812,54.61753463745117
2017-04-21,32.933326721191406,44.92649841308594,67.14202117919922,60.09807205200195,204.579833984375,54.401798248291016
2017-04-24,33.250465393066406,45.37049865722656,69.50931549072266,61.12084197998047,206.82980346679688,54.6849479675293
2017-04-25,33.45647048950195,45.38100051879883,70.113037109375,61.47380828857422,208.0333251953125,55.10295104980469
2017-04-26,33.25971984863281,45.464500427246094,70.24808502197266,61.39237976074219,207.90248107910156,54.8804817199707
2017-04-27,33.28519058227539,45.91899871826172,69.59669494628906,61.79058837890625,208.07691955566406,54.78608322143555
2017-04-28,33.25278091430664,46.2495002746582,69.11209869384766,61.96256637573242,207.6234893798828,55.04902648925781
2017-05-01,33.93102264404297,47.4114990234375,69.15975952148438,62.822410583496094,208.14666748046875,55.32545471191406
2017-05-02,34.14630126953125,47.34700012207031,68.71493530273438,62.72285461425781,208.2251434326172,55.318702697753906
2017-05-03,34.04214096069336,47.05149841308594,69.11209869384766,62.52375030517578,207.97222900390625,55.75693893432617
2017-05-04,33.919456481933594,46.87649917602539,69.19158172607422,62.27933883666992,208.21641540527344,55.04227828979492
2017-05-05,34.48196792602539,46.70750045776367,69.11209869384766,62.45131301879883,209.0361785888672,55.29848861694336
2017-05-08,35.41948699951172,47.45199966430664,69.19158172607422,62.39701843261719,209.00123596191406,55.885047912597656
2017-05-09,35.646331787109375,47.64099884033203,68.91350555419922,62.48752212524414,208.8094482421875,55.49399185180664
2017-05-10,35.47734069824219,47.4474983215332,69.4537124633789,62.731895446777344,209.18446350097656,55.745826721191406
2017-05-11,35.78416061401367,47.38100051879883,69.23921966552734,61.96256637573242,208.7571258544922,56.22222900390625
2017-05-12,36.283912658691406,48.067501068115234,69.0485610961914,61.89017105102539,208.40830993652344,56.18138122558594
2017-05-15,36.190940856933594,47.89849853515625,69.38221740722656,61.93540954589844,209.55941772460938,56.35152053833008
2017-05-16,36.137481689453125,48.30350112915039,69.59669494628906,63.1824951171875,209.36761474609375,56.18138122558594
2017-05-17,34.92413330078125,47.237998962402344,66.94342041015625,61.4256591796875,205.65252685546875,55.80024337768555
2017-05-18,35.4564208984375,47.92449951171875,66.69715881347656,61.63501739501953,206.4810028076172,55.63692092895508
2017-05-19,35.57728958129883,47.992000579833984,67.34854888916016,61.61681365966797,207.823974609375,55.75942611694336
2017-05-22,35.793460845947266,48.53350067138672,67.2850112915039,62.308624267578125,208.8792266845703,56.00442886352539
2017-05-23,35.749298095703125,48.57699966430664,68.1270751953125,62.517974853515625,209.34140014648438,56.20180130004883
2017-05-24,35.64237976074219,49.01750183105469,68.08735656738281,62.59989547729492,209.82974243164062,56.00442886352539
2017-05-25,35.76557540893555,49.66899871826172,67.80134582519531,63.373653411865234,210.83262634277344,55.63692092895508
2017-05-26,35.705135345458984,49.78900146484375,67.80931091308594,63.683162689208984,210.78904724121094,55.50081253051758
2017-05-30,35.719078063964844,49.834999084472656,66.64950561523438,64.09278106689453,210.60597229003906,55.19454574584961
2017-05-31,35.5075569152832,49.73099899291992,65.25929260253906,63.573917388916016,210.5535888671875,54.78620910644531
2017-06-01,35.605186462402344,49.79750061035156,65.9822006225586,63.810585021972656,212.22796630859375,54.92233657836914
2017-06-02,36.13283157348633,50.33649826049805,65.6485595703125,65.32166290283203,212.93434143066406,54.10563659667969
2017-06-05,35.779518127441406,50.56700134277344,65.76771545410156,65.79499816894531,212.7773895263672,54.5275764465332
2017-06-06,35.90038299560547,50.150001525878906,65.90276336669922,66.01347351074219,212.09716796875,55.2694091796875
2017-06-07,36.11423110961914,50.503501892089844,66.65743255615234,65.89513397216797,212.4895782470703,55.06524658203125
2017-06-08,36.02589797973633,50.51350021362305,67.48358154296875,65.4946060180664,212.59423828125,54.867881774902344
2017-06-09,34.628944396972656,48.91550064086914,69.0803451538086,64.0108413696289,212.27154541015625,55.89553451538086
2017-06-12,33.80144119262695,48.24549865722656,69.09622192382812,63.519309997558594,212.22796630859375,56.439998626708984
2017-06-13,34.073402404785156,49.03950119018555,69.32659912109375,64.3112564086914,213.2657928466797,56.46040725708008
2017-06-14,33.741024017333984,48.82350158691406,69.18360137939453,63.96533203125,212.99539184570312,55.854705810546875
2017-06-15,33.53879928588867,48.208499908447266,68.7705078125,63.62855911254883,212.58555603027344,55.98403549194336
2017-06-16,33.06927490234375,49.385501861572266,68.46070098876953,63.71957778930664,212.63197326660156,56.82111740112305
2017-06-19,34.01530456542969,49.75849914550781,69.96212005615234,64.51148986816406,214.40216064453125,56.324302673339844
2017-06-20,33.706146240234375,49.62950134277344,69.52519989013672,63.63764953613281,212.95619201660156,56.018035888671875
2017-06-21,33.90605926513672,50.11149978637695,69.20742797851562,63.96533203125,212.90359497070312,55.425941467285156
2017-06-22,33.85026550292969,50.064998626708984,69.12800598144531,63.95626449584961,212.80723571777344,55.180946350097656
2017-06-23,34.0013542175293,50.1870002746582,69.00089263916016,64.82099914550781,213.06138610839844,55.54164123535156
2017-06-26,33.89442825317383,49.69900131225586,69.30278015136719,64.20201110839844,213.20159912109375,55.28982925415039
2017-06-27,33.408634185791016,48.8390007019043,69.94622039794922,63.00044250488281,211.48397827148438,55.201358795166016
2017-06-28,33.89675521850586,49.51649856567383,71.35230255126953,63.53750991821289,213.37684631347656,55.4871940612793
2017-06-29,33.39699935913086,48.79650115966797,72.40882873535156,62.34504699707031,211.50152587890625,54.92233657836914
2017-06-30,33.47603988647461,48.400001525878906,72.60745239257812,62.74556350708008,211.89585876464844,54.94272994995117
2017-07-03,33.35517883300781,47.68299865722656,74.08512878417969,62.05375671386719,212.25515747070312,55.875118255615234
2017-07-05,33.49230194091797,48.56999969482422,74.82798767089844,62.882118225097656,212.74588012695312,55.02439880371094
2017-07-06,33.176185607910156,48.25699996948242,74.5883560180664,62.417877197265625,210.8004608154297,54.5275764465332
2017-07-07,33.513221740722656,48.9379997253418,74.96378326416016,63.227996826171875,212.16751098632812,54.59565353393555
2017-07-10,33.717777252197266,49.82350158691406,74.43660736083984,63.70137023925781,212.39537048339844,54.55480194091797
2017-07-11,33.8270149230957,49.70650100708008,74.1490478515625,63.71044921875,212.23768615722656,54.854251861572266
2017-07-12,33.87583923339844,50.32550048828125,73.89346313476562,64.766357421875,213.8325653076172,55.099281311035156
2017-07-13,34.347694396972656,50.03150177001953,74.36470031738281,65.33076477050781,214.19183349609375,55.1060791015625
2017-07-14,34.64288330078125,50.09049987792969,73.68574523925781,66.25013732910156,215.19085693359375,55.317047119140625
2017-07-17,34.76374816894531,50.50199890136719,72.99884033203125,66.76899719238281,215.16455078125,55.03120422363281
2017-07-18,34.88462829589844,51.22249984741211,72.74322509765625,66.7234878540039,215.2784423828125,54.854251861572266
2017-07-19,35.103118896484375,51.34349822998047,72.84705352783203,67.2332534790039,216.44400024414062,55.02439880371094
2017-07-20,34.9450569152832,51.435001373291016,72.84705352783203,67.56092834472656,216.54042053222656,55.03120422363281
2017-07-21,34.92878341674805,51.28350067138672,72.59944152832031,67.16950988769531,216.3476104736328,54.5275764465332
2017-07-24,35.35182189941406,51.9474983215332,72.91094207763672,66.9965591430664,216.29498291015625,54.357418060302734
2017-07-25,35.5029182434082,51.993499755859375,74.1250991821289,67.53363037109375,216.82077026367188,54.62968063354492
2017-07-26,35.670284271240234,52.63999938964844,73.43016052246094,67.40619659423828,216.82960510253906,54.697731018066406
2017-07-27,34.99620819091797,52.29999923706055,73.12663269042969,66.5960464477539,216.6279754638672,55.010799407958984
2017-07-28,34.74980926513672,51.00199890136719,72.91094207763672,66.48682403564453,216.37391662597656,54.17367172241211
2017-07-31,34.57082748413086,49.388999938964844,73.32630920410156,66.17731475830078,216.25123596191406,54.47314453125
2017-08-01,34.87765121459961,49.80950164794922,74.30879974365234,66.06806945800781,216.73316955566406,54.561614990234375
2017-08-02,36.52566146850586,49.794498443603516,74.37271118164062,65.77680206298828,216.83836364746094,54.854251861572266
2017-08-03,36.16073226928711,49.34600067138672,73.88542938232422,65.6766586303711,216.41773986816406,54.779388427734375
2017-08-04,36.351318359375,49.37900161743164,74.81202697753906,66.15911102294922,216.81204223632812,54.58882522583008
2017-08-07,36.91382598876953,49.61349868774414,75.09957122802734,65.90422821044922,217.21514892578125,54.55480194091797
2017-08-08,37.20902633666992,49.492000579833984,74.82798767089844,66.25923156738281,216.6806182861328,54.4186897277832
2017-08-09,37.43681335449219,49.10049819946289,74.70816040039062,65.96797180175781,216.67185974121094,54.58882522583008
2017-08-10,36.24439239501953,47.84600067138672,73.63783264160156,65.0030746459961,213.61341857910156,54.265865325927734
2017-08-11,36.7484245300293,48.39950180053711,73.02278900146484,65.9952621459961,213.9289093017578,53.743614196777344
2017-08-14,37.301483154296875,49.165000915527344,73.8774642944336,66.98745727539062,216.04962158203125,53.75736999511719
2017-08-15,37.70984649658203,49.137001037597656,74.0691909790039,67.00577545166016,216.0233154296875,53.626800537109375
2017-08-16,37.558170318603516,48.909000396728516,73.55796813964844,67.39928436279297,216.40013122558594,53.235111236572266
2017-08-17,36.83711242675781,48.028499603271484,72.40774536132812,66.2553482055664,213.0263214111328,52.40364456176758
2017-08-18,36.753089904785156,47.923500061035156,72.47962951660156,66.33769226074219,212.6933135986328,52.66476058959961
2017-08-21,36.6854248046875,47.66450119018555,72.39176177978516,66.02657318115234,212.8598175048828,52.48609924316406
2017-08-22,37.28512954711914,48.345001220703125,73.13461303710938,66.95086669921875,215.08567810058594,52.733463287353516
2017-08-23,37.331809997558594,47.900001525878906,73.22248077392578,66.5482177734375,214.3144989013672,52.64414596557617
2017-08-24,37.1661262512207,47.622501373291016,73.1026840209961,66.520751953125,213.81503295898438,52.451751708984375
2017-08-25,37.303802490234375,47.26300048828125,73.39820861816406,66.63972473144531,214.3144989013672,52.7197380065918
2017-08-28,37.67951202392578,47.30099868774414,73.16658782958984,66.64887237548828,214.3232879638672,52.54793167114258
2017-08-29,38.015525817871094,47.702999114990234,72.76718139648438,66.85022735595703,214.5686798095703,52.53419876098633
2017-08-30,38.118202209472656,48.37950134277344,72.9349365234375,67.72871398925781,215.5851593017578,52.293697357177734
2017-08-31,38.26988220214844,49.029998779296875,72.59944152832031,68.42420959472656,216.88217163085938,52.451751708984375
2017-09-01,38.281551361083984,48.912498474121094,73.24642944335938,67.6646728515625,217.1888885498047,52.61666488647461
2017-09-05,37.82185363769531,48.26350021362305,71.49715423583984,67.36265563964844,215.62901306152344,53.03582763671875
2017-09-06,37.78218078613281,48.38999938964844,71.97640991210938,67.17050170898438,216.36512756347656,54.13529968261719
2017-09-07,37.630496978759766,48.9734992980957,70.71436309814453,68.03070831298828,216.3388214111328,54.30710220336914
2017-09-08,37.016788482666016,48.29499816894531,70.62651824951172,67.7012710571289,216.084716796875,54.16278839111328
2017-09-11,37.6865119934082,48.89799880981445,71.7208251953125,68.41505432128906,218.38941955566406,54.458274841308594
2017-09-12,37.537166595458984,49.12900161743164,72.59944152832031,68.34185791015625,219.12554931640625,54.630088806152344
2017-09-13,37.25480651855469,49.97999954223633,72.80714416503906,68.8268814086914,219.230712890625,54.81559753417969
2017-09-14,36.93510437011719,49.61050033569336,72.66333770751953,68.42420959472656,219.16065979003906,55.035499572753906
2017-09-15,37.30847930908203,49.339500427246094,73.18256378173828,68.91838073730469,219.45562744140625,55.021759033203125
2017-09-18,37.0261116027832,48.70949935913086,74.22093963623047,68.7811279296875,219.92237854003906,55.035499572753906
2017-09-19,37.04010772705078,48.49300003051758,75.03565979003906,69.037353515625,220.14254760742188,55.124839782714844
2017-09-20,36.419410705566406,48.660499572753906,75.5628433227539,68.57978820800781,220.2217559814453,55.35159683227539
2017-09-21,35.79400634765625,48.23249816894531,75.90631103515625,67.9117660522461,219.6317901611328,54.89805221557617
2017-09-22,35.44397735595703,47.755001068115234,75.7465591430664,68.09477233886719,219.67579650878906,54.918678283691406
2017-09-25,35.13129806518555,46.989498138427734,75.17945861816406,67.04237365722656,219.22666931152344,55.6470832824707
2017-09-26,35.73567199707031,46.93000030517578,74.84394836425781,67.04237365722656,219.3587646484375,55.585227966308594
2017-09-27,35.990028381347656,47.54349899291992,76.02613830566406,67.58230590820312,220.2130126953125,55.956302642822266
2017-09-28,35.76835250854492,47.81999969482422,76.18589782714844,67.60059356689453,220.4772491455078,56.478572845458984
2017-09-29,35.964359283447266,48.067501068115234,76.28971099853516,68.16797637939453,221.25221252441406,56.33425521850586
2017-10-02,35.89202880859375,47.95949935913086,77.35208129882812,68.27778625488281,222.212158203125,56.093753814697266
2017-10-03,36.04836654663086,47.85499954223633,77.75943756103516,67.95751953125,222.68771362304688,56.18309020996094
2017-10-04,35.81501007080078,48.272499084472656,76.96868133544922,68.35101318359375,222.9519500732422,56.203678131103516
2017-10-05,36.260711669921875,49.04249954223633,78.00511169433594,69.52237701416016,224.27294921875,56.361732482910156
2017-10-06,36.23971939086914,49.479000091552734,77.8685073852539,69.5498275756836,224.017578125,56.148719787597656
2017-10-09,36.365718841552734,49.54949951171875,77.45878601074219,69.81523895263672,223.64764404296875,56.36862564086914
2017-10-10,36.37971496582031,49.36000061035156,78.0372314453125,69.81523895263672,224.23770141601562,56.52666473388672
2017-10-11,36.531410217285156,49.75,77.80424499511719,69.93415832519531,224.58993530273438,56.76029968261719
2017-10-12,36.40306091308594,50.04650115966797,77.12129974365234,70.57476806640625,224.25531005859375,56.64347839355469
2017-10-13,36.634090423583984,50.14699935913086,77.01687622070312,70.91336822509766,224.5283203125,56.62974548339844
2017-10-16,37.30847930908203,50.31700134277344,78.60767364501953,71.05979919433594,224.82774353027344,56.904605865478516
2017-10-17,37.44614791870117,50.45650100708008,78.43091583251953,71.00486755371094,224.98629760742188,57.007667541503906
2017-10-18,37.28047561645508,49.849998474121094,78.72821807861328,71.023193359375,225.2064666748047,56.87024688720703
2017-10-19,36.39838790893555,49.330501556396484,78.82460021972656,71.29773712158203,225.26809692382812,56.856502532958984
2017-10-20,36.46140670776367,49.14550018310547,79.94941711425781,72.12133026123047,226.43057250976562,57.11076736450195
2017-10-23,36.4427375793457,48.314998626708984,79.81281280517578,72.13961791992188,225.54991149902344,57.20009994506836
2017-10-24,36.659767150878906,48.79499816894531,81.0822525024414,72.1671142578125,225.94625854492188,57.358131408691406
2017-10-25,36.49874496459961,48.64550018310547,81.1625747680664,71.95659637451172,224.82774353027344,57.15198516845703
2017-10-26,36.73208999633789,48.621498107910156,81.74105072021484,72.07560729980469,225.11839294433594,57.358131408691406
2017-10-27,38.04821014404297,55.04750061035156,81.76514434814453,76.69698333740234,226.95901489257812,57.52305603027344
2017-10-30,38.90460205078125,55.54249954223633,81.47590637207031,76.77021789550781,226.113525390625,57.40623474121094
2017-10-31,39.445987701416016,55.263999938964844,80.83316802978516,76.12045288085938,226.46578979492188,57.27567672729492
2017-11-01,38.94428253173828,55.183998107910156,81.0822525024414,76.12045288085938,226.76527404785156,57.63300323486328
2017-11-02,39.22898864746094,54.71099853515625,81.62052917480469,76.9166259765625,226.8533172607422,57.39936828613281
2017-11-03,40.25339889526367,55.58000183105469,81.47590637207031,76.99896240234375,227.61073303222656,57.15886688232422
2017-11-06,40.66175079345703,56.03300094604492,80.96976470947266,77.30095672607422,227.96299743652344,57.550540924072266
2017-11-07,40.79241943359375,56.15850067138672,79.33879852294922,77.11793518066406,227.80445861816406,57.43373489379883
2017-11-08,41.126136779785156,56.64400100708008,78.44697570800781,77.38333129882812,228.1919403076172,57.358131408691406
2017-11-09,41.0421257019043,56.45650100708008,78.43897247314453,76.9532241821289,227.36412048339844,57.70174789428711
2017-11-10,40.90628433227539,56.26750183105469,78.34254455566406,76.75189971923828,227.29364013671875,57.52139663696289
2017-11-13,40.742366790771484,56.458499908447266,78.62374114990234,76.80680847167969,227.50503540039062,57.486717224121094
2017-11-14,40.126426696777344,56.84199905395508,78.14971923828125,76.9166259765625,226.97659301757812,57.03590393066406
2017-11-15,39.59716033935547,56.33449935913086,78.88888549804688,76.31880187988281,225.84056091308594,56.32157897949219
2017-11-16,40.070220947265625,56.864498138427734,79.11384582519531,76.52112579345703,227.7603759765625,55.87080001831055
2017-11-17,39.84774398803711,56.49399948120117,78.84869384765625,75.78536987304688,227.09109497070312,55.64888000488281
2017-11-20,39.807926177978516,56.31549835205078,79.5477066040039,75.9049072265625,227.47857666015625,55.863861083984375
2017-11-21,40.547977447509766,56.9744987487793,79.48339080810547,76.99940490722656,228.96688842773438,56.085792541503906
2017-11-22,40.97420883178711,57.80799865722656,79.25041198730469,76.43836975097656,228.7644500732422,56.24529266357422
2017-11-24,40.97654342651367,59.29999923706055,78.99330139160156,76.5763168334961,229.29278564453125,56.46723556518555
2017-11-27,40.77045822143555,59.791500091552734,78.67996215820312,77.13736724853516,229.17831420898438,56.252235412597656
2017-11-28,40.53158950805664,59.68000030517578,81.4357681274414,78.06626892089844,231.50331115722656,56.64061737060547
2017-11-29,39.690834045410156,58.063499450683594,83.33988189697266,76.64990234375,231.3623046875,57.056739807128906
2017-11-30,40.245887756347656,58.837501525878906,83.97457885742188,77.41327667236328,233.387939453125,57.76412582397461
2017-12-01,40.05851745605469,58.11750030517578,84.1915512084961,77.49604034423828,232.90353393554688,57.882049560546875
2017-12-04,39.765777587890625,56.6974983215332,85.92691040039062,74.57132720947266,232.62168884277344,57.95830535888672
2017-12-05,39.72831344604492,57.07849884033203,84.93868255615234,75.0403823852539,231.78512573242188,57.486717224121094
2017-12-06,39.58076858520508,57.61750030517578,84.30399322509766,76.13483428955078,231.8291473388672,57.06367111206055
2017-12-07,39.65336227416992,57.989498138427734,84.054931640625,75.86811828613281,232.56005859375,57.25093078613281
2017-12-08,39.665077209472656,58.099998474121094,85.107421875,77.404052734375,233.8282470703125,57.32720947265625
2017-12-11,40.437904357910156,58.44599914550781,84.8583755493164,78.3882064819336,234.53280639648438,57.583831787109375
2017-12-12,40.21072769165039,58.25400161743164,85.84659576416016,78.71009063720703,234.94677734375,57.396575927734375
2017-12-13,40.344242095947266,58.20650100708008,84.7699966430664,78.49855041503906,234.92025756835938,57.64625549316406
2017-12-14,40.332515716552734,58.7130012512207,84.0870590209961,77.89152526855469,233.96038818359375,57.49367141723633
2017-12-15,40.742366790771484,58.957000732421875,85.2761459350586,79.87814331054688,235.90863037109375,57.583831787109375
2017-12-18,41.31612777709961,59.52899932861328,85.93497467041016,79.44584655761719,237.40460205078125,57.52139663696289
2017-12-19,40.8758544921875,59.36899948120117,85.57341003417969,78.94001007080078,236.49293518066406,57.174652099609375
2017-12-20,40.83134460449219,58.88100051879883,85.2761459350586,78.65492248535156,236.3689422607422,57.472862243652344
2017-12-21,40.98591613769531,58.737998962402344,86.63394927978516,78.6364974975586,236.85580444335938,58.15250778198242
2017-12-22,40.98591613769531,58.417999267578125,86.32862091064453,78.64571380615234,236.7938690185547,58.23575210571289
2017-12-26,39.946109771728516,58.8380012512207,85.98314666748047,78.5445327758789,236.5105743408203,58.242679595947266
2017-12-27,39.953128814697266,59.112998962402344,86.14385986328125,78.82964324951172,236.62570190429688,58.18720245361328
2017-12-28,40.065547943115234,59.30500030517578,86.60181427001953,78.83882141113281,237.11245727539062,58.270423889160156
2017-12-29,39.632293701171875,58.4734992980957,85.91888427734375,78.67328643798828,236.21844482421875,58.00688934326172
2018-01-02,40.34188461303711,59.45050048828125,86.73036193847656,79.05036163330078,237.90916442871094,58.97087860107422
2018-01-03,40.33485412597656,60.209999084472656,86.81871795654297,79.41825103759766,239.41397094726562,60.12907409667969
2018-01-04,40.522212982177734,60.47949981689453,88.06245422363281,80.11726379394531,240.42298889160156,60.21229934692383
2018-01-05,40.983577728271484,61.457000732421875,87.49713134765625,81.11055755615234,242.0252685546875,60.16374969482422
2018-01-08,40.83134460449219,62.34349822998047,87.6263427734375,81.19335174560547,242.4678955078125,60.434234619140625
2018-01-09,40.82666015625,62.6349983215332,88.07056427001953,81.13815307617188,243.0165557861328,60.17762756347656
2018-01-10,40.817283630371094,62.71649932861328,89.0396957397461,80.77025604248047,242.6448211669922,59.699092864990234
2018-01-11,41.04916000366211,63.83399963378906,89.51617431640625,81.00940704345703,244.41522216796875,60.28859329223633
2018-01-12,41.47303009033203,65.26000213623047,90.99410247802734,82.40736389160156,246.00856018066406,60.69775390625
2018-01-16,41.26225662231445,65.24299621582031,90.67105865478516,81.25772094726562,245.16763305664062,60.31633377075195
2018-01-17,41.94375991821289,64.75,91.2525405883789,82.90403747558594,247.50450134277344,61.030670166015625
2018-01-18,41.98123550415039,64.66600036621094,91.4706039428711,82.86723327636719,247.08839416503906,60.63534927368164
2018-01-19,41.79387664794922,64.72899627685547,91.26868438720703,82.77526092529297,248.2125701904297,60.44116973876953
2018-01-22,41.451969146728516,66.3655014038086,92.3347396850586,84.25602722167969,250.2308349609375,61.20405578613281
2018-01-23,41.461326599121094,68.12699890136719,92.23782348632812,84.52275085449219,250.7620391845703,61.238739013671875
2018-01-24,40.800899505615234,67.87550354003906,93.41696166992188,84.44915008544922,250.66455078125,61.398250579833984
2018-01-25,40.07256317138672,68.89749908447266,93.44120788574219,84.91822052001953,250.77081298828125,61.287269592285156
2018-01-26,40.16624069213867,70.10250091552734,93.9419174194336,86.50936889648438,253.6741180419922,61.72418975830078
2018-01-29,39.33486557006836,70.88400268554688,93.84501647949219,86.38056945800781,251.99237060546875,61.037601470947266
2018-01-30,39.10301208496094,71.89099884033203,92.96469116210938,85.29530334472656,249.40765380859375,60.18455505371094
2018-01-31,39.21073532104492,72.54450225830078,93.41696166992188,87.38310241699219,249.531494140625,60.545204162597656
2018-02-01,39.2927131652832,69.5,94.38612365722656,86.69329833984375,249.24827575683594,61.77272415161133
2018-02-02,37.587791442871094,71.49749755859375,92.29435729980469,84.4123764038086,243.82211303710938,58.62412643432617
2018-02-05,36.648685455322266,69.5,87.8686294555664,80.93582916259766,233.62484741210938,55.28824234008789
2018-02-06,38.1802978515625,72.14199829101562,90.5418472290039,83.99849700927734,238.22784423828125,54.338077545166016
2018-02-07,37.36296463012695,70.83899688720703,91.1556396484375,82.41659545898438,236.9354248046875,53.3602180480957
2018-02-08,36.33486557006836,67.5250015258789,87.12562561035156,78.18583679199219,228.0482635498047,52.756858825683594
2018-02-09,36.779300689697266,66.9800033569336,88.87007141113281,81.10137176513672,231.47396850585938,53.0931510925293
2018-02-12,38.260719299316406,69.3115005493164,90.24302673339844,81.97511291503906,234.87303161621094,53.541534423828125
2018-02-13,38.644004821777344,70.72550201416016,90.80028533935547,82.61892700195312,235.45724487304688,53.45746994018555
2018-02-14,39.35649871826172,72.55249786376953,92.90006256103516,83.91256713867188,238.6349334716797,53.5695686340332
2018-02-15,40.67801284790039,73.08799743652344,93.28772735595703,85.6220703125,241.6800079345703,53.394412994384766
2018-02-16,40.54634094238281,72.43450164794922,92.61742401123047,85.01219940185547,241.75076293945312,53.6256217956543
2018-02-20,40.40996551513672,73.4175033569336,92.64163208007812,85.67750549316406,240.2371826171875,53.07213592529297
2018-02-21,40.22654342651367,74.14600372314453,93.029296875,84.54094696044922,239.04222106933594,52.46958923339844
2018-02-22,40.562808990478516,74.26699829101562,92.85968780517578,84.76271057128906,239.35198974609375,53.149200439453125
2018-02-23,41.268245697021484,75.0,94.741455078125,86.91573333740234,243.16709899902344,54.31923294067383
2018-02-26,42.08420181274414,76.09750366210938,95.92056274414062,88.17240905761719,245.99082946777344,55.237056732177734
2018-02-27,41.94781494140625,75.5989990234375,94.78182220458984,87.04508209228516,242.91921997070312,54.298194885253906
2018-02-28,41.88432312011719,75.62249755859375,93.27964782714844,86.64776611328125,240.45849609375,53.065128326416016
2018-03-01,41.15066909790039,74.67250061035156,91.60787200927734,85.79762268066406,236.96202087402344,52.6867790222168
2018-03-02,41.435211181640625,75.01249694824219,91.51905059814453,85.98245239257812,238.18353271484375,52.932003021240234
2018-03-05,41.57863998413086,76.18049621582031,92.92430877685547,86.52762603759766,240.93653869628906,53.436439514160156
2018-03-06,41.543365478515625,76.88200378417969,93.00506591796875,86.23193359375,241.54722595214844,53.3734016418457
2018-03-07,41.15773010253906,77.25,92.65780639648438,86.73092651367188,241.4586944580078,52.028202056884766
2018-03-08,41.606849670410156,77.59300231933594,92.66585540771484,87.25762176513672,242.62709045410156,51.93012619018555
2018-03-09,42.32169723510742,78.94450378417969,95.33100891113281,89.2073745727539,246.84945678710938,52.238372802734375
2018-03-12,42.73085403442383,79.91950225830078,95.02410888671875,89.41988372802734,246.53964233398438,52.714813232421875
2018-03-13,42.31935501098633,79.40899658203125,93.88536834716797,87.23914337158203,244.94635009765625,52.21736145019531
2018-03-14,41.95956802368164,79.55000305175781,92.83547973632812,86.72167205810547,243.6893310546875,51.56578826904297
2018-03-15,42.00894546508789,79.11599731445312,93.06965637207031,87.02660369873047,243.42388916015625,52.140296936035156
2018-03-16,41.860816955566406,78.58399963378906,93.231201171875,87.41472625732422,243.6877899169922,52.6307487487793
2018-03-19,41.22121810913086,77.24649810791016,92.49626159667969,85.83457946777344,240.390625,51.95113754272461
2018-03-20,41.20711135864258,79.32550048828125,92.5851058959961,86.05636596679688,240.79940795898438,51.83904266357422
2018-03-21,40.27355194091797,79.09300231933594,92.66585540771484,85.4557113647461,240.3372802734375,52.5746955871582
2018-03-22,39.704524993896484,77.24600219726562,88.79739379882812,82.97004699707031,234.3295135498047,51.49574279785156
2018-03-23,38.78508758544922,74.77799987792969,86.42298889160156,80.55828094482422,229.3348846435547,51.06834411621094
2018-03-26,40.626304626464844,77.79299926757812,89.08814239501953,86.65699005126953,235.60926818847656,51.84605407714844
2018-03-27,39.584590911865234,74.85250091552734,87.35983276367188,82.67436981201172,231.6011505126953,51.6358642578125
2018-03-28,39.147220611572266,71.57099914550781,87.2225341796875,82.60043334960938,230.91685485839844,51.01229476928711
2018-03-29,39.452911376953125,72.36699676513672,88.81353759765625,84.337646484375,233.8673858642578,52.273414611816406
2018-04-02,39.19425582885742,68.59950256347656,87.10140991210938,81.79647827148438,228.81944274902344,51.29955291748047
2018-04-03,39.596336364746094,69.60250091552734,88.29667663574219,82.89614868164062,231.75222778320312,52.5606689453125
2018-04-04,40.3535270690918,70.52850341796875,89.6373062133789,85.31713104248047,234.23175048828125,52.45558547973633
2018-04-05,40.63334274291992,72.5875015258789,90.81430053710938,85.36333465576172,236.08029174804688,53.26128387451172
2018-04-06,39.59400177001953,70.2614974975586,88.54962921142578,83.37664031982422,230.8190460205078,52.45558547973633
2018-04-09,39.986690521240234,70.30400085449219,89.61296081542969,83.87560272216797,231.95660400390625,52.45558547973633
2018-04-10,40.739166259765625,71.81099700927734,91.3256607055664,85.82537078857422,235.644775390625,53.9969596862793
2018-04-11,40.54868698120117,71.35250091552734,89.79153442382812,84.88280487060547,234.40953063964844,54.249176025390625
2018-04-12,40.948448181152344,72.42500305175781,92.02375030517578,86.47218322753906,236.33799743652344,54.1020393371582
2018-04-13,41.08717727661133,71.53949737548828,89.53178405761719,86.01016235351562,235.644775390625,54.536415100097656
2018-04-16,41.3434944152832,72.07499694824219,89.45873260498047,87.01737213134766,237.5822296142578,55.02686309814453
2018-04-17,41.91255187988281,75.19149780273438,89.45873260498047,88.77306365966797,240.12391662597656,54.87974166870117
2018-04-18,41.8184814453125,76.39199829101562,88.73632049560547,89.11495971679688,240.30169677734375,55.503299713134766
2018-04-19,40.63334274291992,77.84549713134766,90.68441772460938,88.81002044677734,238.9686279296875,55.643402099609375
2018-04-20,38.968509674072266,76.37449645996094,90.48149871826172,87.7843246459961,236.9423370361328,55.349151611328125
2018-04-23,38.85564422607422,75.89299774169922,90.04315948486328,88.10773468017578,236.90676879882812,55.74850845336914
2018-04-24,38.31480407714844,73.00450134277344,89.6210708618164,86.047119140625,233.7163543701172,54.89372634887695
2018-04-25,38.48175811767578,73.00849914550781,89.28016662597656,85.29862976074219,234.29397583007812,55.699466705322266
2018-04-26,38.615779876708984,75.89800262451172,89.36944580078125,87.10054016113281,236.67576599121094,56.652305603027344
2018-04-27,38.16901779174805,78.63099670410156,88.8012466430664,88.54203796386719,236.89791870117188,54.501399993896484
2018-04-30,38.8603401184082,78.30650329589844,88.2979736328125,86.41670989990234,235.0760955810547,54.47336959838867
2018-05-01,39.7633056640625,79.11299896240234,88.2979736328125,87.7843246459961,235.49374389648438,53.912879943847656
2018-05-02,41.51985549926758,78.48400115966797,87.59990692138672,86.40750122070312,233.91177368164062,53.80778121948242
2018-05-03,41.59510803222656,78.60399627685547,87.04795837402344,86.92498016357422,233.39634704589844,53.6256217956543
2018-05-04,43.22700881958008,79.04750061035156,88.0138931274414,87.93216705322266,236.4180450439453,53.87783432006836
2018-05-07,43.53976058959961,80.00700378417969,88.77691650390625,88.91166687011719,237.21788024902344,54.466365814208984
2018-05-08,43.7490348815918,79.61949920654297,90.09186553955078,88.53279876708984,237.21788024902344,54.711585998535156
2018-05-09,44.05707931518555,80.4000015258789,92.05622863769531,89.57698822021484,239.51071166992188,56.000736236572266
2018-05-10,44.6872673034668,80.4540023803711,92.77052307128906,90.47332000732422,241.7503204345703,57.25483322143555
2018-05-11,44.51731491088867,80.14550018310547,92.42147827148438,90.27925872802734,242.48802185058594,57.52377700805664
2018-05-14,44.413455963134766,80.0770034790039,92.45397186279297,90.5842056274414,242.60348510742188,57.91303253173828
2018-05-15,44.00981140136719,78.80599975585938,91.74774932861328,89.92813873291016,240.93270874023438,57.884700775146484
2018-05-16,44.42052459716797,79.36399841308594,91.99940490722656,90.16011047363281,241.94589233398438,58.0474739074707
2018-05-17,44.139625549316406,79.08799743652344,91.69094848632812,89.25992584228516,241.7414093017578,57.94841003417969
2018-05-18,43.97910690307617,78.71849822998047,90.20549774169922,89.42694854736328,241.13714599609375,57.537940979003906
2018-05-21,44.29071044921875,79.27300262451172,91.03346252441406,90.57774353027344,242.95004272460938,58.23150634765625
2018-05-22,44.17976760864258,79.06999969482422,91.73152923583984,90.48494720458984,242.27471923828125,57.778560638427734
2018-05-23,44.46303176879883,80.09300231933594,91.30945587158203,91.56148529052734,242.9412384033203,58.139503479003906
2018-05-24,44.413455963134766,80.15350341796875,90.28668212890625,91.23665618896484,242.44357299804688,56.808982849121094
2018-05-25,44.514957427978516,80.50749969482422,89.82400512695312,91.28306579589844,241.86590576171875,55.70492172241211
2018-05-29,44.35444259643555,80.64350128173828,85.984619140625,90.95823669433594,239.08416748046875,55.49968719482422
2018-05-30,44.2600212097168,81.24449920654297,87.94892883300781,91.83061218261719,242.27471923828125,57.67948913574219
2018-05-31,44.11129379272461,81.48100280761719,86.86124420166016,91.72854614257812,240.79052734375,57.4954719543457
2018-06-01,44.90681076049805,82.0770034790039,87.98955535888672,93.53822326660156,243.15452575683594,57.91303253173828
2018-06-04,45.28213119506836,83.26349639892578,88.03012084960938,94.35489654541016,244.30978393554688,57.30438995361328
2018-06-05,45.63148498535156,84.81749725341797,87.53496551513672,94.83749389648438,244.48765563964844,57.09914016723633
2018-06-06,45.78964614868164,84.7874984741211,89.58047485351562,95.11590576171875,246.5316619873047,58.075809478759766
2018-06-07,45.66690444946289,84.46499633789062,89.93766021728516,93.62174987792969,246.50491333007812,58.65614700317383
2018-06-08,45.251434326171875,84.19950103759766,90.18926239013672,94.31777954101562,247.23377990722656,59.16569519042969
2018-06-11,45.140499114990234,84.45600128173828,89.96200561523438,93.77953338623047,247.56259155273438,58.81183624267578
2018-06-12,45.38835525512695,84.9375,89.44251251220703,94.02081298828125,247.882568359375,58.330589294433594
2018-06-13,45.015380859375,85.24299621582031,89.263916015625,93.59391021728516,247.0915985107422,57.686527252197266
2018-06-14,45.03900146484375,86.19300079345703,87.689208984375,94.12289428710938,247.71365356445312,57.955482482910156
2018-06-15,44.576332092285156,85.79850006103516,87.58365631103516,92.92571258544922,247.39772033691406,57.08499526977539
2018-06-18,44.55271530151367,86.18949890136719,87.81095886230469,93.60318756103516,246.88885498046875,57.198211669921875
2018-06-19,43.832767486572266,86.73899841308594,87.29959869384766,93.60318756103516,245.9425048828125,57.113304138183594
2018-06-20,44.023956298828125,87.50399780273438,87.29146575927734,94.54053497314453,246.3621063232422,56.93635177612305
2018-06-21,43.778480529785156,86.51100158691406,87.2671127319336,93.86304473876953,244.81773376464844,56.398494720458984
2018-06-22,43.6510009765625,85.78350067138672,85.83848571777344,93.18558502197266,245.26405334472656,57.59453582763672
2018-06-25,43.001853942871094,83.15750122070312,85.05928802490234,91.31090545654297,241.92526245117188,56.43387985229492
2018-06-26,43.53532791137695,84.55449676513672,85.1160888671875,91.95126342773438,242.46092224121094,57.07082748413086
2018-06-27,43.47160720825195,83.02549743652344,83.80110168457031,90.52206420898438,240.452392578125,57.82809829711914
2018-06-28,43.78792190551758,85.07250213623047,85.17289733886719,91.53365325927734,241.8271942138672,58.0120964050293
2018-06-29,43.69585037231445,84.98999786376953,84.58036041259766,91.51509094238281,242.17523193359375,58.54998016357422
2018-07-02,44.18448257446289,85.68900299072266,85.29464721679688,92.8143539428711,242.6930694580078,57.86348342895508
2018-07-03,43.41495895385742,84.697998046875,84.10143280029297,91.92340850830078,241.8361053466797,58.203182220458984
2018-07-05,43.764305114746094,84.98650360107422,84.64823150634766,92.58235168457031,243.8089141845703,58.25271987915039
2018-07-06,44.3709602355957,85.53150177001953,84.92573547363281,93.88160705566406,245.87103271484375,58.26689147949219
2018-07-09,44.987056732177734,86.95099639892578,87.55364990234375,94.52198791503906,248.08506774902344,58.67029571533203
2018-07-10,44.93277359008789,87.15350341796875,87.0150146484375,94.77255249023438,248.97779846191406,59.20817565917969
2018-07-11,44.34971618652344,87.75,86.82728576660156,94.64260864257812,247.15663146972656,58.45090103149414
2018-07-12,45.093284606933594,89.83100128173828,87.20270538330078,96.693603515625,249.39735412597656,58.521663665771484
2018-07-13,45.16410446166992,90.65149688720703,86.80280303955078,97.84439849853516,249.59373474121094,58.96046447753906
2018-07-16,45.06496047973633,91.12449645996094,90.24683380126953,97.36180114746094,249.37057495117188,58.380123138427734
2018-07-17,45.19243621826172,92.19650268554688,90.18157196044922,98.32696533203125,250.3793182373047,58.25271987915039
2018-07-18,44.944576263427734,92.14600372314453,91.02214813232422,97.55669403076172,250.90602111816406,58.18904113769531
2018-07-19,45.293922424316406,90.64849853515625,89.6837387084961,96.88848876953125,249.95974731445312,58.04042053222656
2018-07-20,45.19007873535156,90.68499755859375,90.81810760498047,98.62396240234375,249.67408752441406,57.60871505737305
2018-07-23,45.23019790649414,90.0999984741211,92.50749206542969,100.20162963867188,250.13827514648438,57.60871505737305
2018-07-24,45.55830764770508,91.46199798583984,93.16038513183594,99.91393280029297,251.39700317382812,58.74814987182617
2018-07-25,45.9879264831543,93.18049621582031,94.00100708007812,102.8558578491211,253.53956604003906,59.158626556396484
2018-07-26,45.84394454956055,90.4000015258789,93.73167419433594,101.73291015625,252.94137573242188,59.61863708496094
2018-07-27,45.081485748291016,90.8635025024414,94.6947021484375,99.93247985839844,251.22740173339844,57.97673034667969
2018-07-30,44.82890319824219,88.96099853515625,95.2660140991211,97.7886962890625,249.9151611328125,57.84931564331055
2018-07-31,44.91859817504883,88.87200164794922,93.81330108642578,98.44763946533203,251.1470184326172,57.686527252197266
2018-08-01,47.56476974487305,89.8584976196289,94.39274597167969,98.63323211669922,250.7274169921875,56.89390182495117
2018-08-02,48.95512771606445,91.71649932861328,94.79265594482422,99.83041381835938,252.09336853027344,56.55419921875
2018-08-03,49.09674835205078,91.16449737548828,95.55979919433594,100.26660919189453,253.17355346679688,56.759437561035156
2018-08-06,49.3516960144043,92.38749694824219,95.58428192138672,100.35009765625,254.10191345214844,56.745277404785156
2018-08-07,48.88903045654297,93.1240005493164,95.93521881103516,101.04615020751953,254.94110107421875,57.516700744628906
2018-08-08,48.92207717895508,94.32599639892578,96.13108825683594,101.61227416992188,254.8338623046875,57.134521484375
2018-08-09,49.306846618652344,94.9260025024414,95.38841247558594,101.77933502197266,254.48577880859375,56.8443603515625
2018-08-10,49.159976959228516,94.31500244140625,94.44989013671875,101.15753173828125,252.78074645996094,56.787147521972656
2018-08-13,49.477394104003906,94.80999755859375,92.9482192993164,100.42437744140625,251.83438110351562,56.17223358154297
2018-08-14,49.68583679199219,95.98249816894531,93.5684585571289,101.67723846435547,253.44134521484375,55.99348068237305
2018-08-15,49.80192947387695,94.13099670410156,92.79315185546875,100.2984390258789,251.548828125,55.013912200927734
2018-08-16,50.531517028808594,94.32599639892578,93.6664047241211,100.27977752685547,253.5841827392578,55.771812438964844
2018-08-17,51.54064178466797,94.11100006103516,93.6664047241211,100.22390747070312,254.4768829345703,55.95771789550781
2018-08-20,51.038455963134766,93.83550262451172,93.5439682006836,99.56244659423828,255.021484375,56.350990295410156
2018-08-21,50.9389533996582,94.1709976196289,94.1152572631836,98.73331451416016,255.61952209472656,56.365291595458984
2018-08-22,50.94132995605469,95.24500274658203,93.82960510253906,99.7394790649414,255.4678192138672,57.17325973510742
2018-08-23,51.04554748535156,95.1449966430664,93.63375091552734,100.20528411865234,255.1285400390625,56.5440559387207
2018-08-24,51.204261779785156,95.26950073242188,93.59294891357422,100.98785400390625,256.6640319824219,56.9301643371582
2018-08-27,51.62591552734375,96.38400268554688,95.24966430664062,102.10578155517578,258.69049072265625,57.48786544799805
2018-08-28,52.042816162109375,96.64099884033203,94.78450012207031,102.72066497802734,258.8155212402344,57.402076721191406
2018-08-29,52.81978988647461,99.90499877929688,94.47438049316406,104.36032104492188,260.2080078125,57.81679916381836
2018-08-30,53.305389404296875,100.11900329589844,94.0091552734375,104.29508209228516,259.1546630859375,57.566558837890625
2018-08-31,53.92129135131836,100.635498046875,93.51134490966797,104.64912414550781,259.1636047363281,57.32342529296875
2018-09-04,54.09421920776367,101.97550201416016,93.97650909423828,104.07150268554688,258.7172546386719,57.40924835205078
2018-09-05,53.741249084472656,99.74099731445312,93.51948547363281,101.07169342041016,258.02093505859375,58.1743049621582
2018-09-06,52.84822082519531,97.91549682617188,93.11959838867188,101.30460357666016,257.2442932128906,57.53078079223633
2018-09-07,52.42183303833008,97.60350036621094,93.29913330078125,100.81085205078125,256.74432373046875,58.510372161865234
2018-09-10,51.718284606933594,96.95050048828125,92.80132293701172,101.90084075927734,257.1907653808594,58.424560546875
2018-09-11,53.02587890625,99.35749816894531,93.38890075683594,103.6336441040039,258.0388488769531,59.24684143066406
2018-09-12,52.367347717285156,99.5,92.28712463378906,104.07150268554688,258.1013488769531,59.43990707397461
2018-09-13,53.632286071777344,99.49349975585938,92.64627075195312,105.18943786621094,259.6277770996094,58.860740661621094
2018-09-14,53.02350997924805,98.5094985961914,92.62992095947266,105.61801147460938,259.6724853515625,59.28974914550781
2018-09-17,51.6116943359375,95.40149688720703,92.90740203857422,104.47210693359375,258.2977294921875,59.640113830566406
2018-09-18,51.69697952270508,97.05249786376953,93.28280639648438,105.46894836425781,259.6993408203125,59.79740905761719
2018-09-19,51.72776412963867,96.32099914550781,95.99235534667969,104.06218719482422,259.97601318359375,60.51244354248047
2018-09-20,52.120994567871094,97.21499633789062,96.81661987304688,105.80432891845703,262.08282470703125,60.64828872680664
2018-09-21,51.55958557128906,95.75050354003906,96.18006896972656,106.4471435546875,261.8433837890625,60.89854431152344
2018-09-24,52.301021575927734,96.71800231933594,95.25785064697266,106.8291015625,260.9735107421875,61.92102813720703
2018-09-25,52.63265609741211,98.72750091552734,94.98851013183594,106.6241455078125,260.7314147949219,61.84952163696289
2018-09-26,52.213375091552734,98.74250030517578,93.87041473388672,106.18628692626953,259.9511413574219,61.33470916748047
2018-09-27,53.28644561767578,100.64900207519531,93.46237182617188,106.58688354492188,260.6775207519531,61.32754898071289
2018-09-28,53.47358703613281,100.1500015258789,92.09130096435547,106.54962158203125,260.7044982910156,60.791290283203125
2018-10-01,53.83365249633789,100.21800231933594,92.62992095947266,107.704833984375,261.6101989746094,61.35615539550781
2018-10-02,54.31214141845703,98.56549835205078,93.01349639892578,107.27630615234375,261.457763671875,61.8209228515625
2018-10-03,54.97304153442383,97.63800048828125,93.8867416381836,107.29490661621094,261.6011657714844,61.59927749633789
2018-10-04,54.00656509399414,95.47100067138672,94.73323059082031,105.07767486572266,259.556640625,61.191707611083984
2018-10-05,53.13010787963867,94.48249816894531,94.19904327392578,104.46277618408203,258.1038513183594,61.02010726928711
2018-10-08,53.00694274902344,93.22100067138672,94.77432250976562,103.27032470703125,258.1038513183594,61.58496856689453
2018-10-09,53.741249084472656,93.51599884033203,94.11685943603516,104.58390808105469,257.72723388671875,61.85667037963867
2018-10-10,51.251644134521484,87.76249694824219,91.6102523803711,98.9010238647461,249.5666961669922,60.43378448486328
2018-10-11,50.79920196533203,85.96800231933594,88.86531066894531,98.66810607910156,244.06968688964844,58.345916748046875
2018-10-12,52.61369705200195,89.43049621582031,87.89553833007812,102.07782745361328,247.4593963623047,58.18859100341797
2018-10-15,51.488529205322266,88.04750061035156,87.39419555664062,100.24253845214844,246.06944274902344,57.78818130493164
2018-10-16,52.62318420410156,90.99800109863281,89.26802825927734,103.41007232666016,251.449951171875,58.059879302978516
2018-10-17,52.39577865600586,91.58650207519531,90.26245880126953,103.13990783691406,251.4947509765625,58.27442169189453
2018-10-18,51.17108917236328,88.53600311279297,88.83243560791016,101.08100128173828,247.86297607421875,58.52467346191406
2018-10-19,51.950439453125,88.20149993896484,88.68450927734375,101.2300796508789,247.72840881347656,58.6104621887207
2018-10-22,52.267860412597656,89.46499633789062,87.4106674194336,102.13372039794922,246.616455078125,58.024147033691406
2018-10-23,52.76057052612305,88.43499755859375,86.49842834472656,100.7083511352539,245.3609619140625,57.087467193603516
2018-10-24,50.9507942199707,83.20999908447266,84.88761901855469,95.32359313964844,237.9269256591797,55.500118255615234
2018-10-25,52.06649398803711,89.1084976196289,86.17790985107422,100.89469146728516,242.1954803466797,55.99348068237305
2018-10-26,51.237422943115234,82.1405029296875,84.99446868896484,99.64628601074219,237.9358367919922,55.43576431274414
2018-10-29,50.27569580078125,76.94400024414062,86.169677734375,96.74895477294922,236.61758422851562,55.09254455566406
2018-10-30,50.526790618896484,76.52100372314453,87.69007873535156,96.6371841430664,240.12400817871094,56.32955551147461
2018-10-31,51.843849182128906,79.90049743652344,89.59676361083984,99.50656127929688,242.68862915039062,56.97305679321289
2018-11-01,52.6397590637207,83.27649688720703,89.56389617919922,98.67739868164062,245.27134704589844,57.68092727661133
2018-11-02,49.14813232421875,83.27649688720703,89.07077026367188,98.9010238647461,243.81861877441406,58.59617614746094
2018-11-05,47.75290298461914,81.38999938964844,89.65428161621094,100.15870666503906,245.16375732421875,58.37451171875
2018-11-06,48.2692985534668,82.1405029296875,90.07342529296875,100.35433197021484,246.71505737304688,58.62477111816406
2018-11-07,49.733219146728516,87.77449798583984,91.61848449707031,104.30441284179688,251.9969940185547,59.368385314941406
2018-11-08,49.55970764160156,87.74549865722656,92.35812377929688,104.10877990722656,251.5396728515625,58.424560546875
2018-11-09,48.60411834716797,85.62149810791016,91.46233367919922,102.07782745361328,249.08255004882812,58.41012191772461
2018-11-12,46.155731201171875,81.84249877929688,89.5392074584961,99.56244659423828,244.42835998535156,57.65894317626953
2018-11-13,45.6945686340332,81.55850219726562,90.06520080566406,99.627685546875,243.97105407714844,56.337188720703125
2018-11-14,44.403831481933594,79.95050048828125,88.20787811279297,98.21485137939453,242.30307006835938,55.89662170410156
2018-11-15,45.49965286254883,80.97200012207031,90.45967864990234,100.37619018554688,244.8318634033203,56.47444152832031
2018-11-16,46.00358963012695,79.67050170898438,90.39393615722656,101.32120513916016,245.468505859375,57.03059387207031
2018-11-19,44.18036651611328,75.614501953125,91.08427429199219,97.88737487792969,241.31658935546875,57.21836853027344
2018-11-20,42.06953048706055,74.77300262451172,89.1282958984375,95.16463470458984,236.85081481933594,55.593265533447266
2018-11-21,42.0219841003418,75.83650207519531,88.46260833740234,96.47454833984375,237.65785217285156,56.01940155029297
2018-11-23,40.95468521118164,75.10299682617188,87.64900207519531,96.43712615966797,236.07064819335938,54.52430725097656
2018-11-26,41.50852966308594,79.06649780273438,89.79399108886719,99.61831665039062,239.88180541992188,55.60048294067383
2018-11-27,41.418209075927734,79.07099914550781,90.17204284667969,100.24520874023438,240.6888885498047,55.65103530883789
2018-11-28,43.01084899902344,83.88749694824219,91.1746826171875,103.96908569335938,246.2309112548828,56.6622200012207
2018-11-29,42.68043518066406,83.67849731445312,90.45146179199219,103.09892272949219,245.69281005859375,57.102806091308594
2018-11-30,42.44986343383789,84.50849914550781,91.3801498413086,103.7538833618164,247.1903839111328,57.42061233520508
2018-12-03,43.933170318603516,88.61799621582031,92.24307250976562,104.87664794921875,250.46351623535156,58.66290283203125
2018-12-04,42.00059509277344,83.41999816894531,88.12565612792969,101.53638458251953,242.34783935546875,57.37004470825195
2018-12-06,41.532310485839844,84.95950317382812,86.4491195678711,102.16329193115234,241.98025512695312,56.6188850402832
2018-12-07,40.0513916015625,81.45649719238281,84.88761901855469,98.07451629638672,236.35760498046875,56.07718276977539
2018-12-10,40.315242767333984,82.05149841308594,83.30148315429688,100.66620635986328,236.80593872070312,55.282676696777344
2018-12-11,40.084659576416016,82.16200256347656,82.48786926269531,101.60188293457031,236.85980224609375,55.38380432128906
2018-12-12,40.1963996887207,83.177001953125,83.0220718383789,102.06037902832031,238.05239868164062,54.9070930480957
2018-12-13,40.63614273071289,82.91899871826172,83.1042251586914,102.40654754638672,237.97171020507812,55.60048294067383
2018-12-14,39.33588409423828,79.59549713134766,82.4220962524414,99.20662689208984,233.57765197753906,54.58930206298828
2018-12-17,38.96982192993164,76.04550170898438,81.3701400756836,96.26869201660156,228.99520874023438,53.47700119018555
2018-12-18,39.476139068603516,77.5739974975586,80.98390197753906,97.27920532226562,228.74415588378906,52.003562927246094
2018-12-19,38.24480438232422,74.75399780273438,79.95659637451172,97.0172119140625,225.31858825683594,51.12239456176758
2018-12-20,37.27971267700195,73.04149627685547,79.26624298095703,94.97750091552734,221.6508026123047,49.56952667236328
2018-12-21,35.8297004699707,68.87249755859375,77.39244079589844,91.9085922241211,217.10928344726562,49.2011604309082
2018-12-24,34.90263366699219,67.197998046875,75.7241439819336,88.07243347167969,211.3726043701172,47.31602478027344
2018-12-26,37.360538482666016,73.54499816894531,78.8635482788086,94.08863830566406,222.0522003173828,49.57674026489258
2018-12-27,37.118064880371094,73.08200073242188,79.75112915039062,94.66873168945312,223.7569580078125,49.79341506958008
2018-12-28,37.13710021972656,73.9010009765625,79.57855224609375,93.9295883178711,223.46832275390625,49.237266540527344
2018-12-31,37.496028900146484,75.09850311279297,80.227783203125,95.03364562988281,225.4256134033203,49.2517204284668
2019-01-02,37.5388298034668,76.95649719238281,81.61671447753906,94.61258697509766,225.66012573242188,50.33512496948242
2019-01-03,33.7996826171875,75.01399993896484,80.45677185058594,91.13200378417969,220.27529907226562,49.56230163574219
2019-01-04,35.2425537109375,78.76950073242188,83.4228744506836,95.37046813964844,227.65354919433594,51.38963317871094
2019-01-07,35.16412353515625,81.47550201416016,83.48084259033203,95.49209594726562,229.4485321044922,51.65687561035156
2019-01-08,35.83445739746094,82.8290023803711,83.32342529296875,96.18448638916016,231.6042938232422,52.032466888427734
2019-01-09,36.442996978759766,82.97100067138672,83.18258666992188,97.55989074707031,232.68670654296875,52.30692672729492
2019-01-10,36.55946350097656,82.81099700927734,83.17430114746094,96.9329833984375,233.5075225830078,52.03968048095703
2019-01-11,36.20051574707031,82.02799987792969,82.77662658691406,96.18448638916016,233.59771728515625,51.80134201049805
2019-01-14,35.65617752075195,80.8604965209961,83.62999725341797,95.48277282714844,232.17254638671875,51.736324310302734
2019-01-15,36.38594436645508,83.72799682617188,84.2430648803711,98.25227355957031,234.8334197998047,51.76521682739258
2019-01-16,36.830448150634766,84.18900299072266,84.92244720458984,98.59844207763672,235.4016876220703,51.74354934692383
2019-01-17,37.04913330078125,84.66100311279297,85.27045440673828,99.29084777832031,237.1876220703125,52.097469329833984
2019-01-18,37.27734375,84.80999755859375,86.65408325195312,100.77851867675781,240.3446044921875,52.71860885620117
2019-01-22,36.44060516357422,81.6084976196289,85.28701782226562,98.87916564941406,237.09739685058594,51.92412567138672
2019-01-23,36.58798599243164,82.0009994506836,85.07161712646484,99.8428726196289,237.59352111816406,51.49799346923828
2019-01-24,36.2979850769043,82.74649810791016,85.12130737304688,99.3656997680664,237.71975708007812,51.57020950317383
2019-01-25,37.500789642333984,83.52850341796875,85.65984344482422,100.27325439453125,239.73126220703125,51.80134201049805
2019-01-28,37.153724670410156,81.89450073242188,86.06582641601562,98.31777954101562,237.9092254638672,51.45463943481445
2019-01-29,36.76865005493164,79.69400024414062,86.30610656738281,96.31549072265625,237.59352111816406,51.649654388427734
2019-01-30,39.281227111816406,83.52149963378906,86.50493621826172,99.53409576416016,241.3548583984375,52.213043212890625
2019-01-31,39.5640869140625,85.9365005493164,85.75098419189453,97.70960235595703,243.47450256347656,52.92808151245117
2019-02-01,39.58310317993164,81.3115005493164,86.06582641601562,96.16577911376953,243.59170532226562,54.834869384765625
2019-02-04,40.70745849609375,81.66549682617188,86.37236785888672,98.93528747558594,245.30555725097656,54.04037094116211
2019-02-05,41.40393829345703,82.94049835205078,85.99124145507812,100.3200454711914,246.33380126953125,54.596519470214844
2019-02-06,41.418209075927734,82.01300048828125,85.94982147216797,99.20662689208984,246.00909423828125,54.35819625854492
2019-02-07,40.63376998901367,80.71849822998047,84.82305145263672,98.49553680419922,243.66400146484375,53.93926239013672
2019-02-08,40.68152618408203,79.41100311279297,83.97797393798828,98.86979675292969,243.9615478515625,54.02688980102539
2019-02-11,40.447566986083984,79.55000305175781,83.58027648925781,98.47682189941406,244.09683227539062,54.1145133972168
2019-02-12,40.79611587524414,81.90049743652344,85.00531005859375,100.01127624511719,247.23574829101562,55.063899993896484
2019-02-13,40.626609802246094,82.0,85.41129302978516,99.93641662597656,248.03851318359375,55.684661865234375
2019-02-14,40.77461624145508,81.13249969482422,84.8561782836914,100.0206298828125,247.48838806152344,55.69924545288086
2019-02-15,40.68391036987305,80.39749908447266,87.44942474365234,101.25569915771484,250.18524169921875,56.75087356567383
2019-02-19,40.80564498901367,81.37899780273438,87.14287567138672,101.20890808105469,250.61825561523438,57.13063049316406
2019-02-20,41.0682487487793,81.1050033569336,87.56541442871094,100.68272399902344,251.1234130859375,57.349708557128906
2019-02-21,40.83669662475586,80.97200012207031,87.3831558227539,102.80631256103516,250.23045349121094,56.83120346069336
2019-02-22,41.292659759521484,81.5780029296875,86.99375915527344,104.27215576171875,251.7817840576172,57.269386291503906
2019-02-25,41.59345626831055,81.6500015258789,87.90511322021484,104.85472106933594,252.12457275390625,57.32779312133789
2019-02-26,41.61732864379883,81.81999969482422,87.23402404785156,105.57823181152344,251.94427490234375,57.44465255737305
2019-02-27,41.74625015258789,82.05449676513672,87.12632751464844,105.39973449707031,251.83587646484375,58.03618621826172
2019-02-28,41.335628509521484,81.99150085449219,86.4635009765625,105.26817321777344,251.36692810058594,57.714866638183594
2019-03-01,41.77011489868164,83.58650207519531,86.52149200439453,105.73799133300781,252.93638610839844,58.42324447631836
2019-03-04,41.98018264770508,84.80850219726562,86.32266235351562,105.48431396484375,252.0162811279297,58.64961242675781
2019-03-05,41.9037971496582,84.62149810791016,86.25638580322266,104.95808410644531,251.67356872558594,58.56199264526367
2019-03-06,41.66269302368164,83.44750213623047,85.93326568603516,105.00505065917969,250.14923095703125,57.897438049316406
2019-03-07,41.18046188354492,81.29750061035156,85.31188201904297,103.72716522216797,248.05661010742188,58.54008483886719
2019-03-08,41.27833938598633,81.04000091552734,85.34500122070312,103.83992004394531,247.56051635742188,57.70025634765625
2019-03-11,42.70830535888672,83.53099822998047,86.4552230834961,106.01985931396484,251.15045166015625,58.2625846862793
2019-03-12,43.18815612792969,83.65499877929688,86.1983642578125,106.76219177246094,252.09754943847656,58.42324447631836
2019-03-13,43.37913131713867,84.54049682617188,86.48836517333984,107.58908081054688,253.76625061035156,58.941749572753906
2019-03-14,43.86137771606445,84.31099700927734,87.27543640136719,107.67366790771484,253.60389709472656,58.744571685791016
2019-03-15,44.43193054199219,85.61799621582031,88.27793884277344,108.91398620605469,254.85679626464844,58.53278350830078
2019-03-18,44.8855094909668,87.10749816894531,88.80818176269531,110.47378540039062,255.78091430664062,59.21196365356445
2019-03-19,44.52980422973633,88.09249877929688,88.48507690429688,110.54895782470703,255.84429931640625,59.05860137939453
2019-03-20,44.9189338684082,89.8635025024414,86.5960464477539,110.42681121826172,255.0742645263672,59.38722610473633
2019-03-21,46.573307037353516,90.96299743652344,85.22901916503906,112.96385192871094,257.9552917480469,59.73044967651367
2019-03-22,45.60885238647461,88.2385025024414,82.65235137939453,109.98517608642578,252.9905548095703,58.773773193359375
2019-03-25,45.05738067626953,88.71299743652344,81.9646987915039,110.558349609375,252.8002471923828,58.364830017089844
2019-03-26,44.59187698364258,89.18800354003906,82.78489685058594,110.79327392578125,254.68463134765625,59.12432098388672
2019-03-27,44.99292755126953,88.28500366210938,82.50321960449219,109.72207641601562,253.35293579101562,58.671531677246094
2019-03-28,45.0526123046875,88.6709976196289,83.43942260742188,109.8724136352539,254.31326293945312,58.96366882324219
2019-03-29,45.34623718261719,89.0374984741211,83.87026977539062,110.82148742675781,255.91677856445312,59.00746536254883
2019-04-01,45.65422058105469,90.70950317382812,86.69550323486328,111.83627319335938,258.9518737792969,59.686641693115234
2019-04-02,46.31787109375,90.6989974975586,87.10973358154297,111.99601745605469,259.07861328125,59.4310302734375
2019-04-03,46.6353759765625,91.03500366210938,87.28372955322266,112.72892761230469,259.48626708984375,59.080482482910156
2019-04-04,46.71654510498047,90.94300079345703,88.12694549560547,112.15574645996094,260.1748046875,59.920345306396484
2019-04-05,47.02927017211914,91.86399841308594,87.91822814941406,112.6537857055664,261.4341125488281,60.24166488647461
2019-04-08,47.76934051513672,92.49299621582031,88.20207214355469,112.69134521484375,261.6334228515625,60.61410140991211
2019-04-09,47.62609100341797,91.79199981689453,87.55088806152344,112.08055877685547,260.29266357421875,59.83269119262695
2019-04-10,47.893463134765625,92.36650085449219,87.94326782226562,112.9356460571289,261.1805114746094,59.5625
2019-04-11,47.49479675292969,92.20349884033203,88.68628692626953,113.06723022460938,261.10797119140625,59.84731674194336
2019-04-12,47.47570037841797,92.15299987792969,92.8438491821289,113.64979553222656,262.87457275390625,59.09510040283203
2019-04-15,47.561641693115234,92.24349975585938,91.78357696533203,113.74373626708984,262.702392578125,58.8979377746582
2019-04-16,47.56642150878906,93.1520004272461,92.75201416015625,113.48063659667969,262.87457275390625,59.299560546875
2019-04-17,48.492679595947266,93.24099731445312,95.42353057861328,114.4203109741211,262.23138427734375,59.46754837036133
2019-04-18,48.66694259643555,93.08450317382812,94.72225189208984,115.9237289428711,262.747802734375,59.248443603515625
2019-04-22,48.826900482177734,94.3655014038086,94.8391342163086,116.29017639160156,262.9742431640625,60.54109573364258
2019-04-23,49.5311393737793,96.1884994506836,94.9560317993164,117.8687515258789,265.3388366699219,60.891639709472656
2019-04-24,49.454742431640625,95.0875015258789,94.79739379882812,117.46473693847656,264.7499084472656,59.70854949951172
2019-04-25,49.005943298339844,95.11250305175781,94.84745788574219,121.35485076904297,264.58685302734375,60.04449462890625
2019-04-26,48.77198028564453,97.53150177001953,95.5654525756836,122.05016326904297,265.8189392089844,58.78107833862305
2019-04-29,48.846004486083984,96.92150115966797,96.94296264648438,121.93743896484375,266.2357177734375,58.40134048461914
2019-04-30,47.905399322509766,96.32599639892578,96.88452911376953,122.71732330322266,266.37158203125,58.627716064453125
2019-05-01,50.256874084472656,95.57599639892578,96.1415023803711,120.16150665283203,264.3694152832031,57.45195007324219
2019-05-02,49.9298210144043,95.04100036621094,96.35022735595703,118.59229278564453,263.79876708984375,56.44415283203125
2019-05-03,50.55051040649414,98.12300109863281,96.94296264648438,121.11994934082031,266.3806457519531,56.57560348510742
2019-05-06,49.769866943359375,97.52749633789062,96.08308410644531,120.41522216796875,265.2843933105469,56.327301025390625
2019-05-07,48.42821502685547,96.05000305175781,94.5135498046875,117.9439468383789,260.8542785644531,56.02788162231445
2019-05-08,48.43777084350586,95.88849639892578,94.01264190673828,117.9345474243164,260.4919738769531,56.11552047729492
2019-05-09,47.9173583984375,94.99349975585938,93.93749237060547,117.9251480102539,259.7037353515625,56.06439208984375
2019-05-10,47.253517150878906,94.4990005493164,93.92915344238281,119.45674896240234,261.0082702636719,56.55192565917969
2019-05-13,44.50717544555664,91.13400268554688,91.37451171875,115.9049072265625,254.44911193847656,55.92405700683594
2019-05-14,45.211734771728516,92.00599670410156,92.10081481933594,117.20162200927734,256.750244140625,55.99791717529297
2019-05-15,45.75333023071289,93.55750274658203,91.75020599365234,118.85208892822266,258.254150390625,56.41157531738281
2019-05-16,45.552040100097656,95.37850189208984,92.92733764648438,121.59656524658203,260.6459045410156,56.4041862487793
2019-05-17,45.293216705322266,93.44999694824219,92.47648620605469,120.7854995727539,258.9608154296875,56.07179260253906
2019-05-20,43.87690353393555,92.94850158691406,92.9607162475586,119.04072570800781,257.24859619140625,56.06439971923828
2019-05-21,44.71806716918945,92.8759994506836,93.27796936035156,119.68205261230469,259.5678405761719,56.32295227050781
2019-05-22,43.802608489990234,92.98400115966797,92.51823425292969,120.40823364257812,258.77056884765625,55.81326675415039
2019-05-23,43.054908752441406,90.77400207519531,90.69828796386719,119.00299835205078,255.60882568359375,54.505828857421875
2019-05-24,42.88956069946289,91.16400146484375,91.59156036376953,119.05956268310547,256.1885681152344,54.73479461669922
2019-05-28,42.712223052978516,91.82150268554688,90.59809875488281,118.98416137695312,253.80592346191406,53.63420486450195
2019-05-29,42.508522033691406,90.95950317382812,90.34762573242188,117.83353424072266,252.1026611328125,53.30181884765625
2019-05-30,42.7289924621582,90.81600189208984,89.37921142578125,118.5785903930664,252.791259765625,53.16146469116211
2019-05-31,41.95493698120117,88.75350189208984,88.46086120605469,116.64519500732422,249.38470458984375,52.27507019042969
2019-06-03,41.530765533447266,84.6344985961914,88.8782958984375,113.0235824584961,248.75059509277344,53.09498596191406
2019-06-04,43.05012130737305,86.47799682617188,91.61660766601562,116.15474700927734,254.15013122558594,54.35810089111328
2019-06-05,43.74509048461914,86.92500305175781,91.94221496582031,118.67290496826172,256.3515930175781,53.90751647949219
2019-06-06,44.38735580444336,87.71800231933594,92.14257049560547,120.5497055053711,258.0186462402344,54.88992691040039
2019-06-07,45.56881332397461,90.20149993896484,91.13240051269531,123.92610168457031,260.6005554199219,55.08937454223633
2019-06-10,46.151153564453125,93.03150177001953,92.11751556396484,125.05785369873047,261.7965393066406,55.33313751220703
2019-06-11,46.68556213378906,93.18499755859375,92.40137481689453,124.58628845214844,261.73309326171875,55.28141784667969
2019-06-12,46.5369758605957,92.76599884033203,91.22422790527344,124.01094818115234,261.27105712890625,54.68311309814453
2019-06-13,46.52739334106445,93.51499938964844,91.44961547851562,124.79374694824219,262.34912109375,55.16324996948242
2019-06-14,46.189491271972656,93.4834976196289,91.68340301513672,124.9163589477539,262.0592346191406,54.91948318481445
2019-06-17,46.465084075927734,94.30149841308594,91.1824951171875,125.29364776611328,262.1589050292969,55.46607208251953
2019-06-18,47.55787658691406,95.06849670410156,92.4264144897461,127.47220611572266,264.9040222167969,55.94622802734375
2019-06-19,47.418880462646484,95.43949890136719,91.75853729248047,127.97203826904297,265.5018310546875,55.63596725463867
2019-06-20,47.79991912841797,95.90950012207031,91.9923095703125,129.16043090820312,268.03863525390625,56.58885192871094
2019-06-21,47.636966705322266,95.56500244140625,91.36616516113281,129.1792755126953,267.6488952636719,57.3866081237793
2019-06-24,47.58903121948242,95.69499969482422,90.7149658203125,129.9431610107422,267.32122802734375,56.84000015258789
2019-06-25,46.867698669433594,93.91349792480469,89.96361541748047,125.84059143066406,264.6993103027344,56.33769989013672
2019-06-26,47.88140106201172,94.8915023803711,90.564697265625,126.31216430664062,264.4353332519531,56.581459045410156
2019-06-27,47.867008209228516,95.21399688720703,90.86524200439453,126.51961517333984,265.37298583984375,56.005306243896484
2019-06-28,47.43085861206055,94.68150329589844,93.33642578125,126.34048461914062,266.73858642578125,56.60363006591797
2019-07-01,48.300777435302734,96.1094970703125,94.90591430664062,127.96261596679688,269.16015625,56.55192565917969
2019-07-02,48.58356475830078,96.71549987792969,95.00611877441406,128.81149291992188,269.8611755371094,55.931434631347656
2019-07-03,48.986167907714844,96.94999694824219,94.85477447509766,129.6414031982422,272.0187072753906,56.46328353881836
2019-07-05,48.94302749633789,97.14550018310547,95.4180679321289,129.26414489746094,271.7091979980469,56.23429870605469
2019-07-08,47.934120178222656,97.61599731445312,94.89679718017578,129.16986083984375,270.2161865234375,56.492828369140625
2019-07-09,48.22649002075195,99.41500091552734,95.30038452148438,128.6982879638672,270.552978515625,56.455894470214844
2019-07-10,48.70338821411133,100.87049865722656,95.02291870117188,130.00917053222656,271.8457336425781,57.2536506652832
2019-07-11,48.34871292114258,100.05349731445312,95.93095397949219,130.52789306640625,272.4830322265625,57.29796600341797
2019-07-12,48.720176696777344,100.55000305175781,96.93988037109375,130.9994659423828,273.70294189453125,57.342288970947266
2019-07-15,49.177886962890625,101.04949951171875,95.76280212402344,130.9994659423828,273.79400634765625,56.93601989746094
2019-07-16,49.00774002075195,100.49500274658203,96.78852844238281,129.2830047607422,272.9109191894531,56.08656692504883
2019-07-17,48.73213577270508,99.60150146484375,95.83846282958984,128.51910400390625,271.0537109375,55.75416564941406
2019-07-18,49.28573226928711,98.8949966430664,96.4101791381836,128.66055297851562,272.0460510253906,55.28141784667969
2019-07-19,48.550010681152344,98.22599792480469,95.46012115478516,128.8491668701172,270.5348205566406,55.39221954345703
2019-07-22,49.65957260131836,99.28150177001953,96.07386016845703,130.5562286376953,271.19940185546875,55.45130920410156
2019-07-23,50.04780197143555,99.72450256347656,97.8310775756836,131.3673095703125,273.1384582519531,55.672916412353516
2019-07-24,50.007057189941406,100.04049682617188,98.22623443603516,132.7159881591797,274.42205810546875,55.665523529052734
2019-07-25,49.61164093017578,98.69100189208984,97.28456115722656,132.21612548828125,273.1111145019531,55.34790802001953
2019-07-26,49.784202575683594,97.15249633789062,97.71337127685547,133.3006591796875,274.9410705566406,55.259246826171875
2019-07-29,50.24911117553711,95.62249755859375,97.40228271484375,133.0083770751953,274.4403076171875,55.6507568359375
2019-07-30,50.033424377441406,94.92649841308594,97.1836929321289,132.3670196533203,273.7667236328125,55.658138275146484
2019-07-31,51.0543098449707,93.33899688720703,97.52839660644531,128.51910400390625,270.771484375,54.92686462402344
2019-08-01,49.94954299926758,92.76599884033203,94.95567321777344,130.20729064941406,268.4136962890625,53.523406982421875
2019-08-02,48.8927116394043,91.16200256347656,94.94723510742188,129.11325073242188,266.3927307128906,52.99897003173828
2019-08-05,46.333282470703125,88.25650024414062,92.12228393554688,124.69001770019531,258.3815002441406,51.91312026977539
2019-08-06,47.21038055419922,89.3915023803711,92.8453369140625,127.02896881103516,262.004638671875,52.41541290283203
2019-08-07,47.69926071166992,89.66999816894531,90.82752990722656,127.5854263305664,262.15936279296875,52.07563400268555
2019-08-08,48.751312255859375,91.64450073242188,92.36610412597656,130.99008178710938,267.302978515625,53.46432113647461
2019-08-09,48.34957504272461,90.37899780273438,92.26520538330078,129.87718200683594,265.4822692871094,52.3267822265625
2019-08-12,48.226890563964844,89.24600219726562,90.53325653076172,128.06642150878906,262.25048828125,52.07250213623047
2019-08-13,50.26923370361328,91.21700286865234,91.92890167236328,130.716552734375,266.3288879394531,52.71564865112305
2019-08-14,48.77296829223633,88.14800262451172,88.11186981201172,126.78010559082031,258.45416259765625,50.59177017211914
2019-08-15,48.53000259399414,88.80599975585938,88.44815063476562,126.49626159667969,259.13702392578125,50.29262924194336
2019-08-16,49.675048828125,89.62850189208984,90.5668716430664,128.81459045410156,262.9605712890625,51.0778694152832
2019-08-19,50.6011962890625,90.80599975585938,91.38243103027344,130.97206115722656,266.12860107421875,51.93790054321289
2019-08-20,50.603607177734375,90.06900024414062,90.22215270996094,129.88385009765625,264.08935546875,51.6237907409668
2019-08-21,51.152069091796875,91.177001953125,90.47440338134766,131.33160400390625,266.23779296875,52.13982009887695
2019-08-22,51.10877227783203,90.23300170898438,91.40763092041016,130.37591552734375,266.1559143066406,52.02763748168945
2019-08-23,48.74649429321289,87.48100280761719,89.13758087158203,126.22178649902344,259.3190612792969,50.47211837768555
2019-08-26,49.67264175415039,88.44349670410156,89.85224914550781,128.17112731933594,262.1867370605469,50.741336822509766
2019-08-27,49.112159729003906,88.09149932861328,88.90217590332031,128.44549560546875,261.157958984375,50.247764587402344
2019-08-28,49.441707611083984,88.2125015258789,89.79336547851562,128.27517700195312,262.9969482421875,50.61422348022461
2019-08-29,50.27884292602539,89.31999969482422,91.82804107666016,130.6976318359375,266.356201171875,51.17509078979492
2019-08-30,50.213897705078125,88.81449890136719,92.36610412597656,130.45162963867188,266.23779296875,51.21249771118164
2019-09-03,49.482601165771484,89.49199676513672,91.27311706542969,128.7293701171875,264.6811218261719,51.272315979003906
2019-09-04,50.32215118408203,90.03099822998047,92.37451934814453,130.23397827148438,267.68536376953125,51.8182487487793
2019-09-05,51.306034088134766,92.03600311279297,94.47644805908203,132.52392578125,271.1265563964844,52.55113983154297
2019-09-06,51.30122756958008,91.67549896240234,94.67822265625,131.62496948242188,271.3359375,53.04471206665039
2019-09-09,51.52012252807617,91.56749725341797,97.0239486694336,130.12986755371094,271.4725036621094,53.46350860595703
2019-09-10,52.128746032714844,91.02749633789062,98.25987243652344,128.76724243164062,271.4088439941406,53.897247314453125
2019-09-11,53.78617477416992,91.14949798583984,98.52891540527344,128.80508422851562,273.3387145996094,53.79255294799805
2019-09-12,53.6659049987793,92.17749786376953,99.13424682617188,130.12986755371094,274.28546142578125,53.82994842529297
2019-09-13,52.621883392333984,91.96700286865234,101.08483123779297,129.94065856933594,274.1034240722656,54.32353973388672
2019-09-16,52.898521423339844,90.39199829101562,100.18519592285156,129.00381469726562,273.2568054199219,55.13868713378906
2019-09-17,53.090965270996094,91.12750244140625,99.68916320800781,130.0068817138672,273.94873046875,54.719886779785156
2019-09-18,53.58891677856445,90.87300109863281,100.68965148925781,131.07615661621094,274.112548828125,54.45813751220703
2019-09-19,53.153507232666016,91.07499694824219,100.37017059326172,133.48910522460938,274.0943603515625,54.091697692871094
2019-09-20,52.376495361328125,89.70800018310547,99.96659088134766,131.9467010498047,272.79937744140625,53.904727935791016
2019-09-23,52.61467361450195,89.26499938964844,99.94978332519531,131.6627960205078,272.73529052734375,53.9421272277832
2019-09-24,52.36448669433594,87.08049774169922,98.6466064453125,129.99742126464844,270.59515380859375,53.201759338378906
2019-09-25,53.17034912109375,88.41649627685547,99.20993041992188,131.87098693847656,272.19573974609375,53.35880661010742
2019-09-26,52.896114349365234,86.99199676513672,98.39437866210938,132.04132080078125,271.6286926269531,53.07462692260742
2019-09-27,52.63871765136719,86.27249908447266,98.97450256347656,130.3285675048828,270.1654052734375,53.45603561401367
2019-09-30,53.87759017944336,86.79550170898438,98.94927978515625,131.55870056152344,271.4183654785156,52.80539321899414
2019-10-01,54.0267333984375,86.78250122070312,97.15007781982422,129.7041015625,268.1898193359375,51.563968658447266
2019-10-02,52.672393798828125,85.6614990234375,95.21632385253906,127.41410064697266,263.4523620605469,50.217864990234375
2019-10-03,53.11983871459961,86.22100067138672,95.08069610595703,128.95651245117188,265.61083984375,50.83857727050781
2019-10-04,54.6088752746582,86.98249816894531,97.14012145996094,130.6976318359375,269.2051086425781,51.57894515991211
2019-10-07,54.620906829833984,86.63300323486328,96.92825317382812,129.7513427734375,268.0434875488281,50.868465423583984
2019-10-08,53.98102569580078,85.27549743652344,94.76712799072266,128.37928771972656,263.8822021484375,49.88132095336914
2019-10-09,54.61369323730469,86.09950256347656,95.45358276367188,130.8112030029297,266.38812255859375,50.43472671508789
2019-10-10,55.349788665771484,86.01300048828125,96.79261779785156,131.62496948242188,268.1898193359375,51.04047775268555
2019-10-11,56.8220100402832,86.59600067138672,98.4283218383789,132.1737823486328,270.9701232910156,51.586421966552734
2019-10-14,56.74021530151367,86.82150268554688,98.69104766845703,132.05081176757812,270.66839599609375,51.73598098754883
2019-10-15,56.607906341552734,88.36900329589844,101.66576385498047,133.9622039794922,273.3480529785156,51.91546630859375
2019-10-16,56.3793830871582,88.87149810791016,101.42845153808594,132.86456298828125,272.9090881347656,51.02553176879883
2019-10-17,56.598289489746094,89.3740005493164,101.99627685546875,132.18324279785156,273.71392822265625,50.95822525024414
2019-10-18,56.870121002197266,87.87550354003906,102.17426300048828,130.02577209472656,272.51580810546875,50.56185531616211
2019-10-21,57.85639572143555,89.28299713134766,104.70825958251953,130.990966796875,274.36328125,51.40692138671875
2019-10-22,57.72410202026367,88.2864990234375,105.75914764404297,129.04168701171875,273.46697998046875,51.66866683959961
2019-10-23,58.49868392944336,88.1084976196289,106.03884887695312,129.86495971679688,274.2626647949219,52.16224670410156
2019-10-24,58.59490966796875,89.03900146484375,105.96256256103516,132.4198455810547,274.7107849121094,51.66866683959961
2019-10-25,59.316585540771484,88.06649780273438,106.81005859375,133.1673583984375,275.8357238769531,51.7883415222168
2019-10-28,59.91075897216797,88.85399627685547,107.21686553955078,136.44142150878906,277.3904113769531,51.33213806152344
2019-10-29,58.525146484375,88.135498046875,107.14906311035156,135.1544952392578,277.3082275390625,51.18257522583008
2019-10-30,58.5179328918457,88.99949645996094,106.5558090209961,136.83888244628906,278.1588134765625,50.64411926269531
2019-10-31,59.84100341796875,88.83300018310547,105.86934661865234,135.6654815673828,277.4178771972656,50.531951904296875
2019-11-01,61.539329528808594,89.5719985961914,108.31014251708984,135.9967041015625,279.98785400390625,52.05006790161133
2019-11-04,61.94347381591797,90.23300170898438,109.1745834350586,136.78208923339844,281.11279296875,53.598114013671875
2019-11-05,61.854469299316406,90.08550262451172,109.41187286376953,136.6969451904297,280.8018493652344,54.660057067871094
2019-11-06,61.88092803955078,89.78849792480469,109.58138275146484,136.3184051513672,280.8659362792969,53.46350860595703
2019-11-07,62.59510803222656,89.41000366210938,110.17463684082031,136.50765991210938,281.8536682128906,54.60023498535156
2019-11-08,62.76641845703125,89.29399871826172,110.49666595458984,138.11634826660156,282.5486145019531,53.56330490112305
2019-11-11,63.26344299316406,88.5824966430664,110.10682678222656,138.2582550048828,282.0090637207031,53.23786926269531
2019-11-12,63.205543518066406,88.9000015258789,109.46270751953125,139.1667022705078,282.6036071777344,52.50371170043945
2019-11-13,63.8111572265625,87.65550231933594,108.88643646240234,139.39381408691406,282.6950378417969,52.072296142578125
2019-11-14,63.3696174621582,87.7300033569336,108.98815155029297,140.10348510742188,283.1066589355469,51.845245361328125
2019-11-15,64.12240600585938,86.97450256347656,109.77630615234375,141.91082763671875,285.1552734375,52.367488861083984
2019-11-18,64.44570922851562,87.62650299072266,110.70005798339844,142.26092529296875,285.3656005859375,51.86037063598633
2019-11-19,64.25027465820312,87.6395034790039,110.66618347167969,142.3082733154297,285.2833251953125,51.33056640625
2019-11-20,63.5023307800293,87.27649688720703,109.86106872558594,142.06138610839844,284.222412109375,51.4895133972168
2019-11-21,63.217628479003906,86.7354965209961,110.11531066894531,141.92849731445312,283.76513671875,52.73075866699219
2019-11-22,63.162105560302734,87.28600311279297,110.84413146972656,142.0328826904297,284.3961486816406,52.50371170043945
2019-11-25,64.26958465576172,88.69200134277344,111.4374008178711,143.59007263183594,286.6003112792969,52.155555725097656
2019-11-26,63.767723083496094,89.84700012207031,111.5899429321289,144.34962463378906,287.2496032714844,52.02688980102539
2019-11-27,64.62427520751953,90.92549896240234,111.92045593261719,144.625,288.52996826171875,51.99661636352539
2019-11-29,64.48191833496094,90.04000091552734,111.66619873046875,143.73248291015625,287.4599914550781,51.56520462036133
2019-12-02,63.736358642578125,89.08000183105469,111.42044830322266,141.99488830566406,285.01800537109375,51.78468322753906
2019-12-03,62.599937438964844,88.49800109863281,109.9881820678711,141.76707458496094,283.1066589355469,51.375980377197266
2019-12-04,63.15245056152344,88.03450012207031,112.15775299072266,142.27980041503906,284.8534240722656,51.95877456665039
2019-12-05,64.07897186279297,87.02400207519531,112.7679672241211,142.35572814941406,285.3656005859375,51.777130126953125
2019-12-06,65.31672668457031,87.58000183105469,114.44599914550781,144.0837860107422,287.97210693359375,52.60966873168945
2019-12-09,64.40229797363281,87.47550201416016,113.9120864868164,143.71353149414062,287.066650390625,52.723201751708984
2019-12-10,64.7786865234375,86.96050262451172,113.98837280273438,143.49513244628906,286.7466125488281,52.26908493041992
2019-12-11,65.33120727539062,87.43599700927734,113.71715545654297,144.03628540039062,287.56060791015625,52.19338607788086
2019-12-12,65.49771118164062,88.0165023803711,116.97154235839844,145.49853515625,290.03912353515625,53.23786926269531
2019-12-13,66.38802337646484,88.0469970703125,115.9460678100586,146.72337341308594,290.21282958984375,52.39775085449219
2019-12-16,67.52445983886719,88.46050262451172,116.39525604248047,147.67283630371094,292.2066345214844,52.980533599853516
2019-12-17,67.65713500976562,89.53299713134766,117.1071548461914,146.87527465820312,292.2706604003906,52.738338470458984
2019-12-18,67.4954833984375,89.20149993896484,116.98849487304688,146.57139587402344,292.2889099121094,52.88214874267578
2019-12-19,67.56306457519531,89.61399841308594,116.40373992919922,147.84371948242188,293.4870300292969,52.51885223388672
2019-12-20,67.42310333251953,89.32499694824219,116.31051635742188,149.4578857421875,294.77374267578125,52.935123443603516
2019-12-23,68.5233383178711,89.6500015258789,116.2765884399414,149.4578857421875,295.2240295410156,53.200035095214844
2019-12-24,68.58847045898438,89.46050262451172,116.59866333007812,149.4293670654297,295.2332458496094,52.99568176269531
2019-12-26,69.94932556152344,93.4384994506836,117.83599090576172,150.6541748046875,296.80487060546875,53.07892990112305
2019-12-27,69.92276000976562,93.48999786376953,117.92076110839844,150.9295654296875,296.7313537597656,52.89728546142578
2019-12-30,70.33777618408203,92.34449768066406,117.48851776123047,149.6287841796875,295.09539794921875,52.58696365356445
2019-12-31,70.85169982910156,92.39199829101562,118.14108276367188,149.73318481445312,295.812255859375,52.81402587890625
2020-01-02,72.46826934814453,94.90049743652344,119.5733871459961,152.5056610107422,298.57867431640625,53.661712646484375
2020-01-03,71.76374053955078,93.74849700927734,117.99541473388672,150.60671997070312,296.3177795410156,53.230308532714844
2020-01-06,72.33556365966797,95.14399719238281,117.90160369873047,150.9960174560547,297.44818115234375,53.639007568359375
2020-01-07,71.9953384399414,95.34300231933594,115.89720916748047,149.61923217773438,296.61187744140625,53.200035095214844
2020-01-08,73.15348815917969,94.59850311279297,116.80132293701172,152.00247192382812,298.1927490234375,52.39775085449219
2020-01-09,74.70732879638672,95.05249786376953,117.227783203125,153.9014434814453,300.21453857421875,52.79889678955078
2020-01-10,74.87621307373047,94.15799713134766,116.05926513671875,153.1893310546875,299.3506774902344,52.32963943481445
2020-01-13,76.47592163085938,94.56500244140625,117.0230712890625,155.0313262939453,301.409423828125,52.829166412353516
2020-01-14,75.4432373046875,93.47200012207031,118.38777923583984,153.93942260742188,300.94989013671875,52.37505340576172
2020-01-15,75.11991882324219,93.10099792480469,116.61366271972656,154.93634033203125,301.6299743652344,52.29179000854492
2020-01-16,76.06089782714844,93.89700317382812,117.06571960449219,157.77528381347656,304.1390380859375,52.08743667602539
2020-01-17,76.90299224853516,93.23600006103516,117.87601470947266,158.6583709716797,305.08575439453125,51.89064407348633
2020-01-21,76.38182067871094,94.5999984741211,116.71601104736328,158.08863830566406,304.48822021484375,51.148921966552734
2020-01-22,76.65445709228516,94.37300109863281,116.57953643798828,157.32904052734375,304.52496337890625,50.8537483215332
2020-01-23,77.02362823486328,94.22899627685547,116.46012878417969,158.29754638671875,304.8743591308594,50.53586959838867
2020-01-24,76.8016357421875,93.08200073242188,113.56868743896484,156.70242309570312,302.1629943847656,50.19527816772461
2020-01-27,74.54327392578125,91.41699981689453,112.61337280273438,154.08181762695312,297.3195495605469,48.99943161010742
2020-01-28,76.65203857421875,92.6624984741211,114.6604232788086,157.10118103027344,300.4351806640625,48.93130874633789
2020-01-29,78.25653839111328,92.9000015258789,114.48985290527344,159.5508575439453,300.1869812011719,48.52259826660156
2020-01-30,78.14315032958984,93.53399658203125,115.90570831298828,164.0513916015625,301.1612243652344,49.03727340698242
2020-01-31,74.67839813232422,100.43599700927734,112.89485931396484,161.63021850585938,295.69281005859375,47.01644515991211
2020-02-03,74.47329711914062,100.20999908447266,113.75633239746094,165.57058715820312,297.8893737792969,45.96439743041992
2020-02-04,76.93193817138672,102.4834976196289,115.39397430419922,171.02056884765625,302.4295654296875,45.38917541503906
2020-02-05,77.55927276611328,101.99349975585938,117.35572814941406,170.8117218017578,305.92205810546875,47.478126525878906
2020-02-06,78.46646118164062,102.5114974975586,117.372802734375,174.353271484375,306.9513244628906,46.83478927612305
2020-02-07,77.39990997314453,103.96399688720703,116.99751281738281,174.60012817382812,305.3153991699219,46.52448654174805
2020-02-10,77.76750183105469,106.69550323486328,117.4836654663086,179.16709899902344,307.5947265625,46.03313446044922
2020-02-11,77.2983169555664,107.54000091552734,117.70542907714844,175.122314453125,308.1278076171875,46.470733642578125
2020-02-12,79.13397979736328,108.0,117.70542907714844,175.37869262695312,310.113037109375,47.03886032104492
2020-02-13,78.5704345703125,107.49349975585938,117.60308837890625,174.4292449951172,309.7820739746094,46.777828216552734
2020-02-14,78.58980560302734,106.74349975585938,117.24483489990234,175.98635864257812,310.27838134765625,46.5628662109375
2020-02-18,77.15079498291016,107.78350067138672,115.69247436523438,177.77137756347656,309.4788818359375,45.97171401977539
2020-02-19,78.26815032958984,108.51100158691406,117.27042388916016,178.30455017089844,310.9585876464844,46.324867248535156
2020-02-20,77.46520233154297,107.65499877929688,117.27042388916016,175.58160400390625,309.68109130859375,45.95635223388672
2020-02-21,75.71176147460938,104.79850006103516,115.83747863769531,170.031005859375,306.49200439453125,45.395912170410156
2020-02-24,72.11542510986328,100.4645004272461,112.72427368164062,162.70004272460938,296.3269348144531,43.2692985534668
2020-02-25,69.67271423339844,98.63700103759766,107.69194793701172,160.0152130126953,287.3475646972656,41.61100769042969
2020-02-26,70.77796173095703,98.97949981689453,108.01605987548828,162.0145263671875,286.2906494140625,40.69740676879883
2020-02-27,66.15135192871094,94.21499633789062,103.52108764648438,150.5991668701172,273.43292236328125,38.24834442138672
2020-02-28,66.11267852783203,94.1875,99.03460693359375,154.24560546875,272.2839660644531,39.492061614990234
2020-03-02,72.2677993774414,97.69750213623047,103.64900207519531,164.50897216796875,284.07574462890625,41.365333557128906
2020-03-03,69.9726333618164,95.44950103759766,99.75961303710938,156.6258087158203,275.94195556640625,39.38458251953125
2020-03-04,73.21829223632812,98.79149627685547,102.224609375,162.37631225585938,287.54058837890625,40.244441986083984
2020-03-05,70.84330749511719,96.20149993896484,97.2093505859375,158.30145263671875,277.98223876953125,38.47098922729492
2020-03-06,69.90249633789062,95.05449676513672,92.18553924560547,153.82672119140625,273.38690185546875,36.613075256347656
2020-03-09,64.37373352050781,90.03050231933594,79.69852447509766,143.4014892578125,252.0369110107422,32.137210845947266
2020-03-10,69.01002502441406,94.59100341796875,85.89082336425781,153.20785522460938,265.0785827636719,33.32719039916992
2020-03-11,66.61328887939453,91.04299926757812,81.84793853759766,146.26722717285156,252.15635681152344,32.22933578491211
2020-03-12,60.03491973876953,83.83049774169922,75.10118103027344,132.39549255371094,228.03076171875,28.544221878051758
2020-03-13,67.22760009765625,89.25,88.6287841796875,151.218017578125,247.52427673339844,29.265892028808594
2020-03-16,58.578975677490234,84.4574966430664,75.36558532714844,128.929931640625,220.43923950195312,26.479034423828125
2020-03-17,61.154701232910156,90.39199829101562,79.9714584350586,139.54556274414062,232.34120178222656,28.260168075561523
2020-03-18,59.65763473510742,91.5,71.55294799804688,133.67124938964844,220.57708740234375,25.4272403717041
2020-03-19,59.20054244995117,94.04650115966797,72.75560760498047,135.87059020996094,221.04580688476562,26.432968139648438
2020-03-20,55.44215393066406,92.30449676513672,71.22030639648438,130.7675018310547,211.52001953125,25.1355037689209
2020-03-23,54.26433563232422,95.1415023803711,67.40766906738281,129.46310424804688,206.11184692382812,24.145130157470703
2020-03-24,59.70842742919922,97.00499725341797,75.42530059814453,141.2307891845703,224.78623962402344,27.2083797454834
2020-03-25,59.37950134277344,94.29199981689453,78.239990234375,139.87879943847656,228.15133666992188,28.62867546081543
2020-03-26,62.50422668457031,97.77449798583984,83.69027709960938,148.62840270996094,241.47300720214844,29.803308486938477
2020-03-27,59.916412353515625,95.00499725341797,77.72821807861328,142.5255584716797,234.28060913085938,28.367652893066406
2020-03-30,61.626312255859375,98.19750213623047,79.74969482421875,152.55091857910156,241.88900756835938,28.789905548095703
2020-03-31,61.50054168701172,97.48600006103516,76.79000854492188,150.15170288085938,238.28359985351562,29.150733947753906
2020-04-01,58.26456069946289,95.38500213623047,71.9538345336914,144.82008361816406,227.5596466064453,28.812929153442383
2020-04-02,59.23680877685547,95.94149780273438,74.6406021118164,147.81910705566406,232.8106689453125,31.01632308959961
2020-04-03,58.38549041748047,95.32949829101562,72.43438720703125,146.45765686035156,229.44558715820312,30.102720260620117
2020-04-06,63.47890090942383,99.87950134277344,77.09672546386719,157.34939575195312,244.85662841796875,31.070051193237305
2020-04-07,62.74367141723633,100.58000183105469,78.1136703491211,155.65472412109375,245.106201171875,31.66122055053711
2020-04-08,64.34957122802734,102.1500015258789,81.2678451538086,157.21609497070312,253.33407592773438,33.66498947143555
2020-04-09,64.81391143798828,102.13800048828125,88.55868530273438,157.22560119628906,257.1891784667969,33.11222839355469
2020-04-13,66.08606719970703,108.44349670410156,84.6202621459961,157.57786560058594,254.84091186523438,32.828163146972656
2020-04-14,69.42359924316406,114.16600036621094,82.30200958251953,165.37539672851562,262.35693359375,32.57481002807617
2020-04-15,68.78997039794922,115.38400268554688,78.24292755126953,163.64260864257812,256.7823486328125,31.077739715576172
2020-04-16,69.3365478515625,120.40950012207031,75.2611083984375,168.5552978515625,258.0212097167969,30.056657791137695
2020-04-17,68.39573669433594,118.75,82.02623748779297,170.04052734375,264.9916687011719,33.18131637573242
2020-04-20,66.97608947753906,119.68049621582031,79.03577423095703,166.67019653320312,260.3230895996094,31.615144729614258
2020-04-21,64.90583038330078,116.40599822998047,76.7433853149414,159.7772216796875,252.41883850097656,31.446247100830078
2020-04-22,66.77531433105469,118.17449951171875,76.9933090209961,165.20399475097656,258.0212097167969,32.34449768066406
2020-04-23,66.51655578613281,119.97250366210938,77.036376953125,163.20462036132812,258.00262451171875,33.3578987121582
2020-04-24,68.43685913085938,120.51100158691406,78.1739730834961,166.18460083007812,261.5989074707031,33.5728645324707
2020-04-27,68.4852523803711,118.80000305175781,81.54361724853516,165.70858764648438,265.3706970214844,33.73408126831055
2020-04-28,67.3751220703125,115.7040023803711,82.12104034423828,161.6717987060547,264.1504211425781,34.52485275268555
2020-04-29,69.58805847167969,118.635498046875,84.33584594726562,168.92660522460938,271.0654602050781,36.43650436401367
2020-04-30,71.05609893798828,123.69999694824219,82.52607727050781,170.62130737304688,268.5416564941406,35.67644119262695
2020-05-01,69.91217803955078,114.302001953125,80.36295318603516,166.20370483398438,261.4324645996094,33.119903564453125
2020-05-04,70.90131378173828,115.79949951171875,79.4063491821289,170.26905822753906,262.15350341796875,34.45574951171875
2020-05-05,71.96549987792969,115.88999938964844,79.28571319580078,172.0970001220703,264.5757141113281,34.417381286621094
2020-05-06,72.70796966552734,117.56300354003906,77.79478454589844,173.79168701171875,262.7821350097656,33.7724723815918
2020-05-07,73.46012878417969,118.38050079345703,78.60489654541016,174.8009490966797,265.953125,33.96440887451172
2020-05-08,75.20860290527344,118.98049926757812,79.88895416259766,175.82913208007812,270.3536682128906,35.453800201416016
2020-05-11,76.39202880859375,120.44999694824219,77.5362548828125,177.79046630859375,270.4091491699219,35.116004943847656
2020-05-12,75.51901245117188,117.84750366210938,75.00254821777344,173.76316833496094,265.01947021484375,34.52903747558594
2020-05-13,74.60717010498047,118.39600372314453,72.41712951660156,171.1354217529297,260.332275390625,32.81510925292969
2020-05-14,75.0655288696289,119.44249725341797,75.42483520507812,171.87803649902344,263.44781494140625,33.104679107666016
2020-05-15,74.62173461914062,120.48899841308594,74.02871704101562,174.3820343017578,264.6589050292969,32.86988830566406
2020-05-18,76.37989807128906,121.31300354003906,77.94990539550781,176.0481414794922,272.72027587890625,35.48383331298828
2020-05-19,75.93854522705078,122.46649932861328,76.4159164428711,174.8294677734375,269.919189453125,34.38816452026367
2020-05-20,77.41542053222656,124.89700317382812,78.70832061767578,177.25450134277344,274.504638671875,35.5073127746582
2020-05-21,76.83824157714844,122.33699798583984,77.70860290527344,175.1254425048828,272.609375,34.873390197753906
2020-05-22,77.33295440673828,121.84400177001953,77.1053466796875,175.20184326171875,273.1270446777344,34.904693603515625
2020-05-26,76.80916595458984,121.09300231933594,82.5777816772461,173.34963989257812,276.4920654296875,35.9299201965332
2020-05-27,77.14380645751953,120.51950073242188,87.36078643798828,173.57876586914062,280.60601806640625,36.18817901611328
2020-05-28,77.17778015136719,120.05500030517578,86.05947875976562,173.18734741210938,280.08831787109375,35.24905014038086
2020-05-29,77.10256958007812,122.11849975585938,83.86187744140625,174.95358276367188,281.33642578125,35.585567474365234
2020-06-01,78.05079650878906,123.552001953125,84.97359466552734,174.5526123046875,282.4735107421875,36.2194938659668
2020-06-02,78.41211700439453,123.62049865722656,85.25800323486328,176.5384521484375,284.8123474121094,37.02558898925781
2020-06-03,78.8437728881836,123.91999816894531,89.8600082397461,176.9680938720703,288.6027526855469,38.536033630371094
2020-06-04,78.16475677490234,123.02999877929688,91.73011779785156,174.63853454589844,287.8446350097656,38.42646408081055
2020-06-05,80.39096069335938,124.1500015258789,95.85814666748047,178.7247772216797,295.2220458984375,41.54128646850586
2020-06-08,80.86627960205078,126.2030029296875,97.77134704589844,179.832275390625,298.79052734375,42.840423583984375
2020-06-09,83.41987609863281,130.04299926757812,95.26349639892578,181.2070770263672,296.56256103515625,41.885643005371094
2020-06-10,85.5660629272461,132.37249755859375,91.4026107788086,187.92835998535156,294.90771484375,39.6395263671875
2020-06-11,81.45800018310547,127.89800262451172,83.77568817138672,177.83689880371094,277.90655517578125,36.141231536865234
2020-06-12,82.16126251220703,127.2509994506836,86.06807708740234,179.2402801513672,281.2346496582031,36.916019439697266
2020-06-15,83.17738342285156,128.63400268554688,87.25736999511719,180.385986328125,283.8602294921875,36.89254379272461
2020-06-16,85.38175201416016,130.7635040283203,87.95543670654297,184.806396484375,289.3239440917969,37.72210693359375
2020-06-17,85.2629165649414,132.0489959716797,85.73197174072266,185.446044921875,288.1220703125,36.493404388427734
2020-06-18,85.29689025878906,132.69900512695312,85.2666015625,187.431884765625,288.2330017089844,36.720367431640625
2020-06-19,84.80944061279297,133.75050354003906,84.29277038574219,186.31484985351562,286.58575439453125,35.98470687866211
2020-06-22,87.02835845947266,135.6909942626953,83.3792724609375,191.4894561767578,288.42431640625,36.32905578613281
2020-06-23,88.88599395751953,138.2205047607422,84.39618682861328,192.76876831054688,289.7520751953125,36.548179626464844
2020-06-24,87.31697845458984,136.72000122070312,81.57809448242188,188.88304138183594,282.36090087890625,34.82642364501953
2020-06-25,88.47615814208984,137.72900390625,84.42204284667969,191.2698516845703,285.3879699707031,35.35078048706055
2020-06-26,85.75762939453125,134.64349365234375,79.79415893554688,187.44140625,278.6095275878906,34.13772201538086
2020-06-29,87.73406219482422,134.0189971923828,80.14752197265625,189.45591735839844,282.7044677734375,34.6855583190918
2020-06-30,88.46643829345703,137.9409942626953,81.06101989746094,194.29637145996094,286.3257141113281,34.99860763549805
2020-07-01,88.29911041259766,143.93499755859375,80.37158966064453,195.43247985839844,288.3313903808594,34.20816421508789
2020-07-02,88.29911041259766,144.51499938964844,80.63264465332031,196.92181396484375,289.9192810058594,34.497737884521484
2020-07-06,90.6611328125,152.8520050048828,82.66890716552734,201.16082763671875,294.3948059082031,34.7403450012207
2020-07-07,90.37982940673828,150.00599670410156,80.33675384521484,198.82177734375,291.35845947265625,33.84033203125
2020-07-08,92.48477172851562,154.0554962158203,81.18956756591797,203.19439697265625,293.5869140625,33.76207733154297
2020-07-09,92.88248443603516,159.13150024414062,79.4317626953125,204.61697387695312,291.9156188964844,32.369014739990234
2020-07-10,93.04497528076172,160.0,83.77405548095703,203.99636840820312,294.8962097167969,33.37860107421875
2020-07-13,92.61571502685547,155.1999969482422,84.97492980957031,197.69517517089844,292.3426513671875,33.38642120361328
2020-07-14,94.14836883544922,154.1999969482422,85.46222686767578,198.91725158691406,296.1311950683594,34.489906311035156
2020-07-15,94.79586029052734,150.44349670410156,86.78495025634766,198.6212921142578,298.851806640625,34.92817687988281
2020-07-16,93.62940216064453,149.9949951171875,87.02861022949219,194.68777465820312,297.86761474609375,34.654266357421875
2020-07-17,93.44024658203125,148.09849548339844,85.4187240600586,193.69485473632812,298.73114013671875,34.059471130371094
2020-07-20,95.40941619873047,159.8419952392578,84.67037963867188,202.02008056640625,301.145263671875,33.261207580566406
2020-07-21,94.09258270263672,156.9145050048828,86.50650787353516,199.29910278320312,301.78607177734375,34.943824768066406
2020-07-22,94.3569107055664,154.99549865722656,85.87992858886719,202.1632843017578,303.5038146972656,34.129913330078125
2020-07-23,90.0621566772461,149.32749938964844,86.13230895996094,193.3702392578125,299.8824768066406,34.200347900390625
2020-07-24,89.83902740478516,150.44549560546875,85.52315521240234,192.18643188476562,297.9511413574219,33.989036560058594
2020-07-27,91.96822357177734,152.760498046875,84.3222885131836,194.6209716796875,300.1239318847656,34.489906311035156
2020-07-28,90.4574203491211,150.01649475097656,84.68775939941406,192.8738555908203,298.220458984375,34.08294677734375
2020-07-29,92.19136047363281,151.67649841308594,86.74142456054688,194.8214569091797,301.8882141113281,34.458595275878906
2020-07-30,93.30687713623047,152.593994140625,84.42670440673828,194.66868591308594,300.81109619140625,32.768150329589844
2020-07-31,103.07505798339844,158.23399353027344,84.09602355957031,195.72845458984375,303.1881103515625,32.9325065612793
2020-08-03,105.67229461669922,155.59449768066406,83.62610626220703,206.73643493652344,305.2959289550781,33.065547943115234
2020-08-04,106.37799072265625,156.94149780273438,83.14749908447266,203.633544921875,306.4752197265625,34.02033615112305
2020-08-05,106.7635726928711,160.25149536132812,84.59203338623047,203.29945373535156,308.378662109375,34.31772994995117
2020-08-06,110.48844909667969,161.25,84.61815643310547,206.5550537109375,310.4400329589844,34.153385162353516
2020-08-07,107.9764404296875,158.3730010986328,86.4803695678711,202.86024475097656,310.6629638671875,33.99685287475586
2020-08-10,109.54585266113281,157.4080047607422,87.5768051147461,198.82177734375,311.59149169921875,34.83425521850586
2020-08-11,106.2879867553711,154.0334930419922,90.34405517578125,194.17227172851562,309.0193176269531,35.19426727294922
2020-08-12,109.82038879394531,158.11199951171875,89.57828521728516,199.7191925048828,313.32781982421875,35.186283111572266
2020-08-13,111.76392364501953,158.05099487304688,89.082275390625,199.25135803222656,312.7613830566406,34.32438659667969
2020-08-14,111.6643295288086,157.4010009765625,89.1170883178711,199.4423370361328,312.7707214355469,34.47601318359375
2020-08-17,111.37279510498047,159.12049865722656,86.76751708984375,200.75982666015625,313.7642517089844,34.02910232543945
2020-08-18,112.30084228515625,165.62449645996094,85.55796813964844,201.9150848388672,314.442138671875,33.861507415771484
2020-08-19,112.4417495727539,163.0240020751953,85.75810241699219,200.69004821777344,313.1328430175781,33.48642349243164
2020-08-20,114.936767578125,164.86849975585938,84.73126983642578,205.3604278564453,314.1078186035156,32.975669860839844
2020-08-21,120.85977172851562,164.23599243164062,84.68775939941406,203.867431640625,315.2220764160156,32.728267669677734
2020-08-24,122.30529022216797,165.3730010986328,87.07212829589844,204.5086212158203,318.41619873046875,33.69392395019531
2020-08-25,121.30191802978516,167.32449340820312,87.45500183105469,207.169189453125,319.5304870605469,32.62451934814453
2020-08-26,122.9515151977539,172.09249877929688,86.22801208496094,211.6481170654297,322.7339782714844,31.93021583557129
2020-08-27,121.48170471191406,170.0,89.06485748291016,216.8448028564453,323.4396057128906,31.714740753173828
2020-08-28,121.28489685058594,170.08999633789062,89.4303207397461,219.07467651367188,325.52886962890625,32.4728889465332
2020-08-31,125.3979263305664,172.54800415039062,87.18524169921875,215.83990478515625,324.3497009277344,31.87434196472168
2020-09-01,130.39285278320312,174.95599365234375,87.1417236328125,217.5051727294922,327.404541015625,31.467336654663086
2020-09-02,127.69134521484375,176.57249450683594,88.45571899414062,221.69696044921875,332.14013671875,31.275806427001953
2020-09-03,117.46825408935547,168.39999389648438,88.17727661132812,207.96351623535156,320.7097473144531,31.21196746826172
2020-09-04,117.54598999023438,164.7310028076172,90.08299255371094,205.0445556640625,318.0912170410156,31.188024520874023
2020-09-08,109.63573455810547,157.49200439453125,86.95028686523438,193.95252990722656,309.4000549316406,30.469772338867188
2020-09-09,114.00872039794922,163.4304962158203,87.77696990966797,202.21173095703125,315.5098876953125,30.28622055053711
2020-09-10,110.28681182861328,158.7554931640625,86.87196350097656,196.54611206054688,310.031494140625,29.528072357177734
2020-09-11,108.83889770507812,155.81100463867188,87.95099639892578,195.263671875,310.1893615722656,29.44826316833496
2020-09-14,112.10405731201172,155.14849853515625,89.16929626464844,196.58438110351562,314.2748107910156,29.25672149658203
2020-09-15,112.27897644042969,157.80650329589844,86.3933334350586,199.80960083007812,315.8628234863281,28.945486068725586
2020-09-16,108.96520233154297,153.90499877929688,86.75883483886719,196.2398681640625,314.6091613769531,30.174482345581055
2020-09-17,107.22572326660156,150.43649291992188,85.7668228149414,194.19183349609375,311.8421630859375,30.166507720947266
2020-09-18,103.82451629638672,147.74549865722656,85.58406066894531,191.7800750732422,308.25201416015625,29.679697036743164
2020-09-21,106.97308349609375,148.02349853515625,82.93866729736328,193.83770751953125,304.8212585449219,29.07317543029785
2020-09-22,108.65425109863281,156.44949340820312,82.03365325927734,198.508056640625,307.92559814453125,28.354923248291016
2020-09-23,104.09659576416016,149.9929962158203,80.7022476196289,191.97146606445312,300.78466796875,27.445140838623047
2020-09-24,105.16556549072266,150.989501953125,80.63264465332031,194.4597930908203,301.5863342285156,27.389278411865234
2020-09-25,109.11096954345703,154.75650024414062,81.33750915527344,198.89080810546875,306.46209716796875,27.644651412963867
2020-09-28,111.71533966064453,158.70249938964844,83.67833709716797,200.4412841796875,311.5522766113281,28.179349899291992
2020-09-29,110.86988830566406,157.24400329589844,82.97347259521484,198.3549346923828,309.85552978515625,27.357357025146484
2020-09-30,112.54135131835938,157.43649291992188,83.77405548095703,201.29298400878906,312.2048645019531,27.397258758544922
2020-10-01,113.49368286132812,161.06300354003906,84.38319396972656,203.33152770996094,314.2091979980469,26.43958854675293
2020-10-02,109.83009338378906,156.25,85.18379211425781,197.33087158203125,311.22589111328125,26.319881439208984
2020-10-05,113.21187591552734,159.9600067138672,86.98424530029297,201.3408660888672,316.7449035644531,26.926401138305664
2020-10-06,109.96614074707031,154.9980010986328,86.08837890625,197.0629119873047,312.2420654296875,26.647085189819336
2020-10-07,111.83194732666016,159.7845001220703,87.59024810791016,200.81451416015625,317.6772155761719,26.73487091064453
2020-10-08,111.72505187988281,159.52749633789062,89.3907241821289,201.5322723388672,320.4925842285156,28.13945198059082
2020-10-09,113.66862487792969,164.33250427246094,88.88130950927734,206.5375518798828,323.3547058105469,27.724458694458008
2020-10-12,120.888916015625,172.14649963378906,89.97036743164062,211.88734436035156,328.5566711425781,27.636676788330078
2020-10-13,117.68204498291016,172.18150329589844,88.5124282836914,213.28465270996094,326.4124755859375,27.30947494506836
2020-10-14,117.7695083618164,168.1855010986328,88.02061462402344,211.37059020996094,324.3614501953125,27.253610610961914
2020-10-15,117.30302429199219,166.9324951171875,89.3380126953125,210.22215270996094,323.9605712890625,27.493026733398438
2020-10-16,115.66075897216797,163.635498046875,89.153564453125,210.22215270996094,323.7648010253906,27.21370506286621
2020-10-19,112.70655059814453,160.36050415039062,87.65172576904297,205.015869140625,318.8424987792969,26.671022415161133
2020-10-20,114.193359375,160.85049438476562,88.15233612060547,205.42735290527344,320.1197204589844,26.89447593688965
2020-10-21,113.57144165039062,159.2469940185547,87.27406311035156,205.57093811035156,319.5137023925781,26.463533401489258
2020-10-22,112.48303985595703,158.82000732421875,90.3568115234375,205.65708923339844,321.2663879394531,27.820226669311523
2020-10-23,111.79307556152344,160.22000122070312,91.1736068725586,206.9394989013672,322.3570861816406,27.261585235595703
2020-10-26,111.80280303955078,160.3520050048828,88.91644287109375,201.05374145507812,316.40008544921875,26.615158081054688
2020-10-27,113.30905151367188,164.31649780273438,87.23895263671875,204.08755493164062,315.3092346191406,26.192197799682617
2020-10-28,108.06146240234375,158.13900756835938,84.78857421875,193.97166442871094,304.5323181152344,25.194623947143555
2020-10-29,112.06515502929688,160.55050659179688,85.34186553955078,195.92404174804688,307.62738037109375,26.311904907226562
2020-10-30,105.78752136230469,151.8074951171875,86.10595703125,193.77072143554688,304.4204406738281,26.03257942199707
2020-11-02,105.70003509521484,150.2239990234375,88.04695892333984,193.63671875,307.8325500488281,27.125917434692383
2020-11-03,107.32292938232422,152.42050170898438,90.8222885131836,197.56056213378906,313.267578125,26.663043975830078
2020-11-04,111.70563507080078,162.05799865722656,88.04695892333984,207.0926055908203,320.2687683105469,26.519393920898438
2020-11-05,115.67046356201172,166.10000610351562,91.64787292480469,213.6961669921875,326.5150146484375,26.471511840820312
2020-11-06,115.5390625,165.56849670410156,90.42705535888672,214.10769653320312,326.4403991699219,26.1602725982666
2020-11-09,113.23198699951172,157.18699645996094,102.67021942138672,209.00665283203125,330.5423889160156,29.47220802307129
2020-11-10,112.89125061035156,151.75100708007812,102.33647155761719,201.9438018798828,330.0575866699219,30.12605094909668
2020-11-11,116.31782531738281,156.8695068359375,100.80825805664062,207.2457733154297,332.5093994140625,29.815473556518555
2020-11-12,116.04524993896484,155.51400756835938,99.56990814208984,206.18344116210938,329.2838439941406,28.79383659362793
2020-11-13,116.09391784667969,156.4405059814453,100.19349670410156,207.2074432373047,333.842529296875,29.48855209350586
2020-11-16,117.1063232421875,156.55299377441406,103.02151489257812,207.89654541015625,338.00970458984375,31.188556671142578
2020-11-17,116.22047424316406,156.7830047607422,101.97637176513672,205.24559020996094,336.19183349609375,31.60538101196289
2020-11-18,114.89657592773438,155.2729949951172,101.2210693359375,202.53968811035156,332.1458740234375,30.412105560302734
2020-11-19,115.49037170410156,155.8509979248047,101.49333190917969,203.82540893554688,333.5442199707031,30.567398071289062
2020-11-20,114.22489929199219,154.97000122070312,100.62383270263672,201.87754821777344,331.26019287109375,30.191436767578125
2020-11-23,110.8275375366211,154.91949462890625,103.52215576171875,201.60887145996094,333.2460021972656,32.16932678222656
2020-11-24,112.11251831054688,155.9029998779297,108.30872344970703,205.20718383789062,338.61578369140625,34.3106803894043
2020-11-25,112.94966125488281,159.2534942626953,107.17575073242188,205.21673583984375,338.09368896484375,33.35442352294922
2020-11-27,113.49481201171875,159.76699829101562,106.46435546875,206.5216827392578,339.0353088378906,32.84769058227539
2020-11-30,115.8895034790039,158.40199279785156,103.5309066772461,205.40869140625,337.5343933105469,31.16403579711914
2020-12-01,119.46208190917969,161.00399780273438,105.16450500488281,207.46212768554688,341.22607421875,31.466432571411133
2020-12-02,119.81251525878906,160.17649841308594,107.18453216552734,206.65609741210938,341.9439392089844,32.64337158203125
2020-12-03,119.67622375488281,159.3365020751953,106.48192596435547,205.57183837890625,341.85064697265625,32.86403274536133
2020-12-04,119.00453186035156,158.12899780273438,107.44803619384766,205.68692016601562,344.79669189453125,34.06548309326172
2020-12-07,120.4647216796875,157.89999389648438,107.04401397705078,205.61976623535156,344.0880432128906,33.4279899597168
2020-12-08,121.07799530029297,158.864501953125,107.1494140625,207.2701873779297,345.0950012207031,34.52318572998047
2020-12-09,118.5470199584961,155.2100067138672,106.31504821777344,203.23049926757812,341.9998474121094,34.980873107910156
2020-12-10,119.96826934814453,155.07449340820312,105.62999725341797,202.00230407714844,341.887939453125,35.969810485839844
2020-12-11,119.1603012084961,155.8209991455078,105.00643157958984,204.63143920898438,341.4870910644531,35.79818344116211
2020-12-14,118.5470199584961,157.84849548339844,103.89981079101562,205.53341674804688,339.9581604003906,34.506832122802734
2020-12-15,124.48506927490234,158.25599670410156,105.67389678955078,205.4662628173828,344.55426025390625,35.17702865600586
2020-12-16,124.41693878173828,162.04800415039062,105.98129272460938,210.4078826904297,345.0950012207031,35.71645736694336
2020-12-17,125.2833023071289,161.8040008544922,105.10304260253906,210.5421905517578,347.02471923828125,35.536643981933594
2020-12-18,123.2974853515625,160.08250427246094,104.58484649658203,209.74578857421875,345.6391296386719,34.92366409301758
2020-12-21,124.82579040527344,160.3090057373047,108.51074981689453,213.5839385986328,344.40325927734375,34.286170959472656
2020-12-22,128.3788604736328,160.3260040283203,106.85956573486328,214.8793182373047,343.8227233886719,33.705875396728516
2020-12-23,127.48329162597656,159.2635040283203,109.84571075439453,212.07749938964844,344.1318054199219,34.139041900634766
2020-12-24,128.46649169921875,158.63450622558594,109.36266326904297,213.7374725341797,345.4706115722656,34.000099182128906
2020-12-28,133.0612030029297,164.197998046875,110.08283996582031,215.8580780029297,348.4384460449219,34.114532470703125
2020-12-29,131.28952026367188,166.10000610351562,109.79302978515625,215.08082580566406,347.7737731933594,33.73039245605469
2020-12-30,130.1700439453125,164.29249572753906,110.10040283203125,212.71080017089844,348.2699279785156,34.000099182128906
2020-12-31,129.1674041748047,162.84649658203125,111.60226440429688,213.42079162597656,350.03948974609375,33.689517974853516
2021-01-04,125.97447967529297,159.3314971923828,110.54833221435547,208.8822021484375,345.2739562988281,33.918373107910156
2021-01-05,127.53195190429688,160.92550659179688,111.14984893798828,209.0836944580078,347.65191650390625,35.55299377441406
2021-01-06,123.23906707763672,156.91900634765625,116.36900329589844,203.66232299804688,349.73046875,36.460208892822266
2021-01-07,127.44441223144531,158.10800170898438,120.1904296875,209.45790100097656,354.9266052246094,36.74625778198242
2021-01-08,128.54437255859375,159.13499450683594,120.32315826416016,210.734130859375,356.9488525390625,37.1549186706543
2021-01-11,125.55586242675781,155.7104949951172,122.11885833740234,208.6903076171875,354.54266357421875,38.282806396484375
2021-01-12,125.38065338134766,156.04150390625,124.0384750366211,206.23387145996094,354.61761474609375,39.1328125
2021-01-13,127.41514587402344,158.29449462890625,124.15345764160156,207.58685302734375,355.57257080078125,39.574153900146484
2021-01-14,125.48771667480469,156.37350463867188,124.87886810302734,204.4011688232422,354.3273620605469,41.11886978149414
2021-01-15,123.76473236083984,155.21249389648438,122.64081573486328,204.04615783691406,351.7433776855469,39.140987396240234
2021-01-19,124.4364013671875,156.03799438476562,122.11005401611328,207.6827850341797,354.5052185058594,39.91742706298828
2021-01-20,128.52488708496094,163.16900634765625,120.27891540527344,215.26315307617188,359.4111022949219,40.48136901855469
2021-01-21,133.23643493652344,165.34950256347656,119.27047729492188,215.86766052246094,359.7388000488281,39.32080078125
2021-01-22,135.3780059814453,164.6114959716797,118.35050201416016,216.8079833984375,358.4655456542969,38.76502227783203
2021-01-25,139.12582397460938,164.6999969482422,116.8731918334961,220.24319458007812,359.8792724609375,38.33184051513672
2021-01-26,139.35940551757812,166.30650329589844,116.3955307006836,222.9298858642578,359.3175354003906,37.49000930786133
2021-01-27,138.2886199951172,161.62899780273438,113.10482025146484,223.476806640625,350.5355529785156,37.06501007080078
2021-01-28,133.45059204101562,161.88099670410156,115.09517669677734,229.26283264160156,353.5503234863281,37.645301818847656
2021-01-29,128.456787109375,160.30999755859375,113.82134246826172,222.57485961914062,346.47235107421875,36.64818572998047
2021-02-01,130.57888793945312,167.1439971923828,114.66171264648438,229.95372009277344,352.2395324707031,36.71356964111328
2021-02-02,131.4062957763672,169.0,118.1912612915039,229.81936645507812,357.2203674316406,37.293861389160156
2021-02-03,130.3842010498047,165.62649536132812,119.5447006225586,233.16815185546875,357.5011901855469,38.7568473815918
2021-02-04,133.74261474609375,166.5500030517578,122.29581451416016,232.21815490722656,361.564453125,39.5005989074707
2021-02-05,133.3282470703125,167.6074981689453,122.05696105957031,232.4005126953125,362.987548828125,40.82463836669922
2021-02-08,133.4745330810547,166.14700317382812,123.96770477294922,232.6596221923828,365.6089782714844,42.58185577392578
2021-02-09,132.59707641601562,165.25,123.47232055664062,233.90699768066406,365.3655700683594,42.0831413269043
2021-02-10,131.99264526367188,164.32899475097656,123.5430679321289,232.99542236328125,365.2063903808594,42.490421295166016
2021-02-11,131.73919677734375,163.10650634765625,123.19808959960938,234.59788513183594,365.7962646484375,41.4265022277832
2021-02-12,131.97314453125,163.885498046875,124.94961547851562,235.0776824951172,367.6031494140625,41.99170684814453
2021-02-16,129.84786987304688,163.44749450683594,127.95723724365234,233.83981323242188,367.28485107421875,43.255126953125
2021-02-17,127.55684661865234,165.4320068359375,128.35528564453125,234.8592987060547,367.36920166015625,43.928382873535156
2021-02-18,126.45520782470703,166.4114990234375,128.78875732421875,234.46495056152344,365.8056640625,43.23849868774414
2021-02-19,126.61113739013672,162.4949951171875,130.9383544921875,231.75282287597656,365.15960693359375,43.529415130615234
2021-02-22,122.83827209472656,159.03700256347656,132.1679229736328,225.5399169921875,362.35089111328125,45.13361358642578
2021-02-23,122.70177459716797,159.72500610351562,133.22946166992188,224.34739685058594,362.79095458984375,45.75700759887695
2021-02-24,122.20459747314453,157.97650146484375,135.57362365722656,225.57843017578125,366.7886657714844,47.12846755981445
2021-02-25,117.95401000976562,152.85800170898438,133.733642578125,220.23106384277344,357.95062255859375,46.347137451171875
2021-02-26,118.21720123291016,154.64649963378906,130.18638610839844,223.49143981933594,356.1061706542969,45.19179153442383
2021-03-01,124.58335876464844,157.3070068359375,133.13214111328125,227.87698364257812,364.73828125,46.879112243652344
2021-03-02,121.98037719726562,154.72650146484375,132.69866943359375,224.92440795898438,361.89215087890625,46.60481262207031
2021-03-03,118.99715423583984,150.25,135.2640380859375,218.85577392578125,357.0986022949219,46.97884750366211
2021-03-04,117.11557006835938,148.8784942626953,133.1851806640625,218.05752563476562,352.6795654296875,48.799163818359375
2021-03-05,118.3731918334961,150.0229949951172,133.4948272705078,222.7412109375,359.1677551269531,50.64439392089844
2021-03-08,113.44017791748047,147.59750366210938,135.2640380859375,218.69227600097656,357.3795166015625,50.59452819824219
2021-03-09,118.05148315429688,153.1425018310547,134.3086395263672,224.83786010742188,362.48199462890625,49.81321334838867
2021-03-10,116.96932983398438,152.8820037841797,137.2278289794922,223.52987670898438,364.73828125,51.34260177612305
2021-03-11,118.89965057373047,155.67950439453125,136.51132202148438,228.05972290039062,368.43646240234375,50.96025085449219
2021-03-12,117.99298858642578,154.47450256347656,138.130126953125,226.7324981689453,368.9326171875,51.50883865356445
2021-03-15,120.87870788574219,154.08399963378906,137.44012451171875,225.82846069335938,371.1327819824219,50.195560455322266
2021-03-16,122.41907501220703,154.59300231933594,135.79481506347656,228.61752319335938,370.66473388671875,49.131629943847656
2021-03-17,121.62938690185547,156.7864990234375,137.1924285888672,227.97315979003906,371.9285888671875,49.34774398803711
2021-03-18,117.50552368164062,151.39950561523438,139.45701599121094,221.89491271972656,366.5171203613281,47.21989822387695
2021-03-19,116.97907257080078,153.7480010986328,137.23667907714844,221.5390625,365.83905029296875,46.95391845703125
2021-03-22,120.29376983642578,155.5435028076172,133.54788208007812,226.9633026123047,368.7602233886719,46.471824645996094
2021-03-23,119.46509552001953,156.875,132.21214294433594,228.4925079345703,365.85772705078125,45.8983039855957
2021-03-24,117.07656860351562,154.35350036621094,133.2383270263672,226.45359802246094,363.99798583984375,46.82923889160156
2021-03-25,117.56403350830078,152.31300354003906,134.94558715820312,223.45291137695312,366.0456237792969,46.69624710083008
2021-03-26,118.16848754882812,152.60150146484375,137.1924285888672,227.43458557128906,371.9444580078125,47.96797561645508
2021-03-29,118.34394073486328,153.7864990234375,135.06056213378906,226.2420196533203,371.756591796875,47.710304260253906
2021-03-30,116.89134979248047,152.76449584960938,136.65280151367188,222.981689453125,370.7702941894531,47.120147705078125
2021-03-31,119.08487701416016,154.70399475097656,134.66246032714844,226.751708984375,372.2731628417969,46.40533447265625
2021-04-01,119.91355895996094,158.0500030517578,135.97171020507812,233.0800323486328,376.29339599609375,47.701988220214844
2021-04-05,122.74078369140625,161.3365020751953,136.6924285888672,239.5430450439453,381.6943664550781,46.96222686767578
2021-04-06,123.04298400878906,161.1909942626953,135.73143005371094,238.37928771972656,381.46893310546875,46.82923889160156
2021-04-07,124.69059753417969,163.96949768066406,137.85809326171875,240.3412628173828,381.9103698730469,47.03702926635742
2021-04-08,127.08888244628906,164.96499633789062,138.0271759033203,243.56314086914062,383.7232360839844,46.54663848876953
2021-04-09,129.66262817382812,168.61000061035156,139.05931091308594,246.06370544433594,386.512939453125,46.43857955932617
2021-04-12,127.94678497314453,168.96949768066406,138.76571655273438,246.1213836669922,386.6539001464844,46.13103485107422
2021-04-13,131.05674743652344,170.0,137.1106414794922,248.60272216796875,387.79986572265625,46.30558395385742
2021-04-14,128.71694946289062,166.64999389648438,134.5480194091797,245.8135986328125,386.47540283203125,47.643802642822266
2021-04-15,131.1249542236328,168.95449829101562,135.4022216796875,249.57408142089844,390.62713623046875,47.36119079589844
2021-04-16,130.79348754882812,169.9720001220703,136.40769958496094,250.76663208007812,391.9327697753906,47.095218658447266
2021-04-19,131.45643615722656,168.60049438476562,135.82933044433594,248.84310913085938,390.0071716308594,46.945613861083984
2021-04-20,129.76983642578125,166.7344970703125,132.82176208496094,248.38148498535156,387.15167236328125,45.95649337768555
2021-04-21,130.1501007080078,168.1009979248047,133.95184326171875,250.61270141601562,390.81500244140625,46.54663848876953
2021-04-22,128.62924194335938,165.45199584960938,131.13113403320312,247.3331756591797,387.24560546875,45.93987274169922
2021-04-23,130.94947814941406,167.04400634765625,133.6404266357422,251.16094970703125,391.4443359375,46.189231872558594
2021-04-26,131.3394317626953,170.4499969482422,133.96961975097656,251.54563903808594,392.261474609375,46.28065872192383
2021-04-27,131.0177459716797,170.8715057373047,134.58358764648438,251.94956970214844,392.1769714355469,46.887420654296875
2021-04-28,130.22808837890625,172.9250030517578,135.4556121826172,244.822998046875,392.064208984375,48.300445556640625
2021-04-29,130.13055419921875,173.5655059814453,138.08946228027344,242.85140991210938,394.5627746582031,48.990333557128906
2021-04-30,128.1612548828125,173.37100219726562,136.8615264892578,242.5340576171875,391.9703369140625,47.57731246948242
2021-05-03,129.2141571044922,169.32449340820312,136.46107482910156,242.22628784179688,392.8157653808594,48.89059066772461
2021-05-04,124.64183807373047,165.593505859375,138.34751892089844,238.31195068359375,390.39227294921875,49.19812774658203
2021-05-05,124.88557434082031,163.52699279785156,140.16273498535156,237.04244995117188,390.5143737792969,50.677650451660156
2021-05-06,126.48444366455078,165.31849670410156,142.98338317871094,240.17774963378906,393.63287353515625,51.159732818603516
2021-05-07,127.15826416015625,164.58050537109375,143.4727783203125,242.80335998535156,396.4976806640625,51.89118957519531
2021-05-10,123.87700653076172,159.52450561523438,143.45497131347656,237.72532653808594,392.5715026855469,52.015865325927734
2021-05-11,122.95903778076172,161.19549560546875,141.0703125,236.8116455078125,389.0678405761719,50.361793518066406
2021-05-12,119.89262390136719,157.5970001220703,140.10040283203125,229.85818481445312,380.8020324707031,50.631656646728516
2021-05-13,122.04105377197266,158.07350158691406,143.70411682128906,233.73402404785156,385.3764343261719,50.00761413574219
2021-05-14,124.46293640136719,161.14500427246094,145.9375762939453,238.65821838378906,391.2940368652344,51.24726104736328
2021-05-17,123.31059265136719,163.51950073242188,146.5248565673828,235.80178833007812,390.29840087890625,52.44474792480469
2021-05-18,121.92387390136719,161.61399841308594,144.46051025390625,233.78213500976562,386.9356689453125,50.96053695678711
2021-05-19,121.76762390136719,161.58999633789062,143.35711669921875,234.36050415039062,385.9212341308594,49.73775863647461
2021-05-20,124.32621765136719,162.38400268554688,143.1079864501953,237.59945678710938,390.0729675292969,49.61969757080078
2021-05-21,122.49029541015625,160.1540069580078,144.73631286621094,236.33663940429688,389.75360107421875,49.68716049194336
2021-05-24,124.12115478515625,162.24949645996094,145.51934814453125,241.74452209472656,393.7267761230469,50.26903533935547
2021-05-25,123.92583465576172,162.95249938964844,144.01559448242188,242.650634765625,392.8533020019531,49.13057327270508
2021-05-26,123.87700653076172,163.25799560546875,143.99777221679688,242.428955078125,393.63287353515625,49.70403289794922
2021-05-27,122.34379577636719,161.5054931640625,146.2401123046875,240.32748413085938,393.8395690917969,49.383567810058594
2021-05-28,121.68951416015625,161.15350341796875,146.1422119140625,240.68414306640625,394.54400634765625,49.22333908081055
2021-06-01,121.36723327636719,160.9324951171875,147.7527618408203,238.486328125,394.1965026855469,50.98582458496094
2021-06-02,122.12895202636719,161.69949340820312,147.76170349121094,238.38992309570312,394.81640625,51.390625
2021-06-03,120.64457702636719,159.35049438476562,147.85952758789062,236.85720825195312,393.35107421875,51.59300994873047
2021-06-04,122.93949127197266,160.31100463867188,148.09979248046875,241.75418090820312,396.9486083984375,51.82070541381836
2021-06-07,122.94926452636719,159.90049743652344,147.40573120117188,244.6653289794922,396.5634460449219,51.483375549316406
2021-06-08,123.76959228515625,163.20550537109375,146.81846618652344,243.4700164794922,396.64801025390625,52.39414596557617
2021-06-09,124.15043640136719,164.0574951171875,144.98544311523438,244.4532928466797,396.0562744140625,52.832664489746094
2021-06-10,123.15435028076172,167.4824981689453,142.72531127929688,247.9717559814453,397.8973083496094,52.9169921875
2021-06-11,124.36528778076172,167.3415069580078,142.62745666503906,248.59835815429688,398.55487060546875,52.427879333496094
2021-06-14,127.42192077636719,169.19349670410156,140.2071990966797,250.52627563476562,399.4471740722656,52.343544006347656
2021-06-15,126.60160064697266,169.156494140625,138.08056640625,249.05142211914062,398.7144775390625,54.24940490722656
2021-06-16,127.09966278076172,170.7624969482422,139.05044555664062,248.10671997070312,396.4883117675781,54.055442810058594
2021-06-17,128.7012176513672,174.46200561523438,135.03741455078125,251.49993896484375,396.3568420410156,52.276084899902344
2021-06-18,127.40241241455078,174.34500122070312,131.62054443359375,250.0828857421875,391.0098876953125,50.93524169921875
2021-06-21,129.19921875,172.697998046875,133.8539581298828,253.16758728027344,396.6075744628906,52.78207015991211
2021-06-22,130.8399200439453,175.27200317382812,133.658203125,255.9437713623047,398.7279052734375,53.79402542114258
2021-06-23,130.5664520263672,175.1909942626953,134.46792602539062,255.71240234375,398.24725341796875,54.19037628173828
2021-06-24,130.2832489013672,172.45399475097656,135.7047576904297,257.0812683105469,400.6031494140625,54.40962600708008
2021-06-25,129.99026489257812,170.072998046875,137.07505798339844,255.4714813232422,402.026123046875,54.52769470214844
2021-06-28,131.62115478515625,172.1945037841797,137.32420349121094,259.0382385253906,402.8365173339844,53.1362419128418
2021-06-29,133.13485717773438,172.40699768066406,137.15512084960938,261.62158203125,403.0533752441406,52.80735397338867
2021-06-30,133.7500457763672,172.00799560546875,138.40086364746094,261.1396179199219,403.392578125,53.19528579711914
2021-07-01,134.0527801513672,171.64849853515625,139.77122497558594,261.814453125,405.6260070800781,53.34707260131836
2021-07-02,136.6797332763672,175.5489959716797,139.636962890625,267.64642333984375,408.7264709472656,53.27116775512695
2021-07-06,138.69149780273438,183.78700256347656,137.29222106933594,267.65606689453125,407.9820251464844,51.753238677978516
2021-07-07,141.18170166015625,184.82899475097656,137.4532928466797,269.8442687988281,409.423828125,50.94367980957031
2021-07-08,139.88287353515625,186.57049560546875,135.0817108154297,267.4247131347656,406.0878601074219,50.71598434448242
2021-07-09,141.70904541015625,185.9669952392578,139.4042510986328,267.9259338378906,410.42266845703125,51.63517761230469
2021-07-12,141.1133575439453,185.92750549316406,141.39999389648438,267.3282470703125,411.8927917480469,51.58457946777344
2021-07-13,142.2266082763672,183.8679962158203,139.29689025878906,270.85638427734375,410.4887390136719,51.340023040771484
2021-07-14,145.6543426513672,184.08399963378906,138.8225555419922,272.33135986328125,411.101318359375,50.201568603515625
2021-07-15,145.00006103515625,181.55999755859375,139.1268310546875,270.9046325683594,409.6971435546875,49.712459564208984
2021-07-16,142.95901489257812,178.68150329589844,135.94979858398438,270.6347351074219,406.4836120605469,48.33788299560547
2021-07-19,139.11141967773438,177.47950744628906,131.5288543701172,267.029541015625,400.48077392578125,46.676578521728516
2021-07-20,142.72462463378906,178.6595001220703,133.98095703125,269.2562255859375,406.2196960449219,47.19099807739258
2021-07-21,141.9922332763672,179.25999450683594,136.8000030517578,271.2613220214844,409.5086669921875,48.708927154541016
2021-07-22,143.3594207763672,181.90150451660156,135.07275390625,275.8304138183594,410.3661804199219,48.160789489746094
2021-07-23,145.07818603515625,182.83200073242188,134.81321716308594,279.2333984375,414.5881042480469,48.10174560546875
2021-07-26,145.4981231689453,184.99099731445312,135.71710205078125,278.63568115234375,415.6058654785156,49.316104888916016
2021-07-27,143.33013916015625,181.3195037841797,135.53811645507812,276.216064453125,413.71160888671875,48.767967224121094
2021-07-28,141.5820770263672,181.51600646972656,135.76185607910156,275.90765380859375,413.54205322265625,49.09684753417969
2021-07-29,142.2266082763672,179.99600219726562,136.92529296875,276.1775817871094,415.257080078125,49.695587158203125
2021-07-30,142.44149780273438,166.37950134277344,135.8334503173828,274.6448059082031,413.2404479980469,48.548702239990234
2021-08-02,142.1094512939453,166.57400512695312,135.2875518798828,274.55804443359375,412.3734436035156,48.5571403503418
2021-08-03,143.9062957763672,168.31199645996094,136.82684326171875,276.77520751953125,415.7283020019531,49.07998275756836
2021-08-04,143.5059356689453,167.73599243164062,135.35020446777344,276.1871643066406,413.6833801269531,47.9330940246582
2021-08-05,143.6133270263672,168.79949951171875,137.0595245361328,279.0887451171875,416.3031921386719,48.2366828918457
2021-08-06,142.9287109375,167.2469940185547,140.9525146484375,279.0309143066406,416.9910888671875,48.79326629638672
2021-08-09,142.8798065185547,167.093505859375,140.8003692626953,277.9415588378906,416.65185546875,48.2366828918457
2021-08-10,142.40060424804688,166.03399658203125,142.52755737304688,276.11968994140625,417.170166015625,49.06311798095703
2021-08-11,142.65487670898438,164.60549926757812,144.2279815673828,276.61138916015625,418.206787109375,49.20648193359375
2021-08-12,145.61830139160156,165.1750030517578,144.79177856445312,279.3682861328125,419.4601135253906,49.095191955566406
2021-08-13,145.8236541748047,164.69850158691406,143.1719512939453,282.29876708984375,420.223388671875,48.598670959472656
2021-08-16,147.79930114746094,164.94949340820312,142.23223876953125,283.9856872558594,421.21295166015625,47.88813400268555
2021-08-17,146.88973999023438,162.09800720214844,140.51394653320312,282.52044677734375,418.4517822265625,47.56283950805664
2021-08-18,143.14389038085938,160.06100463867188,139.23422241210938,280.7917175292969,413.8717956542969,46.56124496459961
2021-08-19,143.47640991210938,159.3874969482422,138.07080078125,286.6252136230469,414.5126037597656,45.14018249511719
2021-08-20,144.93370056152344,159.99749755859375,138.46456909179688,293.9557189941406,417.8110046386719,45.14873504638672
2021-08-23,146.4202880859375,163.2935028076172,140.23655700683594,294.23583984375,421.4862365722656,47.00639724731445
2021-08-24,146.332275390625,165.28900146484375,141.10464477539062,292.2752685546875,422.15533447265625,47.39162063598633
2021-08-25,145.0999298095703,164.95899963378906,144.01318359375,291.68609619140625,423.04107666015625,47.47722244262695
2021-08-26,144.2979736328125,165.8000030517578,144.75599670410156,288.8658752441406,420.54388427734375,46.835182189941406
2021-08-27,145.33468627929688,167.48150634765625,145.91943359375,289.47442626953125,424.3039245605469,47.74260330200195
2021-08-30,149.7553253173828,171.07850646972656,143.5836181640625,293.2120361328125,426.1698303222656,47.22040557861328
2021-08-31,148.49366760253906,173.5395050048828,143.14512634277344,291.5605773925781,425.53839111328125,46.67253494262695
2021-09-01,149.1587677001953,173.9499969482422,142.9392547607422,291.51220703125,425.7646179199219,46.03048324584961
2021-09-02,150.27369689941406,173.156005859375,143.6015167236328,290.8554382324219,427.074462890625,47.15193176269531
2021-09-03,150.90943908691406,173.90249633789062,142.73342895507812,290.8458557128906,426.9708251953125,46.97214889526367
2021-09-07,153.2468719482422,175.46449279785156,142.4828338623047,289.91864013671875,425.4441833496094,46.698211669921875
2021-09-08,151.70162963867188,176.27499389648438,141.847412109375,289.9476623535156,424.9259338378906,46.27018356323242
2021-09-09,150.68446350097656,174.20799255371094,142.46493530273438,287.0887451171875,423.107177734375,46.30442810058594
2021-09-10,145.69656372070312,173.45750427246094,140.8272247314453,285.6014099121094,419.7711486816406,46.21025848388672
2021-09-13,146.26380920410156,172.85850524902344,143.06455993652344,286.8376770019531,420.84539794921875,47.40018844604492
2021-09-14,144.865234375,172.5,140.56768798828125,289.5419921875,418.5743408203125,46.72390365600586
2021-09-15,145.75521850585938,173.7895050048828,141.54315185546875,294.4000549316406,422.0705261230469,48.299049377441406
2021-09-16,145.52049255371094,174.41200256347656,141.48048400878906,294.7864074707031,421.4013671875,47.78541564941406
2021-09-17,142.8504638671875,173.12600708007812,141.11358642578125,289.6192321777344,417.29656982421875,47.22040557861328
2021-09-20,139.79910278320312,167.7864990234375,136.8895263671875,284.2395935058594,410.33843994140625,45.96199417114258
2021-09-21,140.2782745361328,167.18150329589844,136.90737915039062,284.7225646972656,409.9508056640625,45.9192008972168
2021-09-22,142.64512634277344,169.00250244140625,139.52955627441406,288.373291015625,413.9497985839844,47.263214111328125
2021-09-23,143.6035614013672,170.8000030517578,144.24586486816406,289.31982421875,418.9793395996094,48.86404800415039
2021-09-24,143.6915740966797,171.2760009765625,145.91046142578125,289.1170349121094,419.66949462890625,49.30064010620117
2021-09-27,142.17564392089844,170.2899932861328,149.43650817871094,284.1140441894531,418.46881103515625,50.764503479003906
2021-09-28,138.7916717529297,165.79800415039062,148.63104248046875,273.828125,410.0359191894531,51.29526901245117
2021-09-29,139.69146728515625,165.05599975585938,148.5147247314453,274.2917175292969,410.72601318359375,51.26102828979492
2021-09-30,138.3907012939453,164.2519989013672,146.49217224121094,272.2828369140625,405.7060852050781,50.35361099243164
2021-10-01,139.5154266357422,164.16299438476562,149.57073974609375,279.2173767089844,410.52752685546875,52.1599006652832
2021-10-04,136.08255004882812,159.48899841308594,149.40966796875,273.43212890625,405.2333068847656,52.836185455322266
2021-10-05,138.0092315673828,161.0500030517578,151.8495330810547,278.8890380859375,409.4497375488281,52.75057601928711
2021-10-06,138.8797149658203,163.10049438476562,152.17367553710938,283.09027099609375,411.1514892578125,51.78322982788086
2021-10-07,140.141357421875,165.1215057373047,153.1370391845703,284.7708435058594,414.70611572265625,51.92875671386719
2021-10-08,139.75991821289062,164.43099975585938,153.25404357910156,284.7708435058594,413.9497985839844,53.229976654052734
2021-10-11,139.67185974121094,162.31500244140625,150.03085327148438,284.1720886230469,410.9529113769531,52.699214935302734
2021-10-12,138.4004669189453,162.3665008544922,148.87843322753906,282.8681335449219,409.94140625,52.4252815246582
2021-10-13,137.81362915039062,164.21400451660156,144.95301818847656,286.180908203125,411.41619873046875,52.27973556518555
2021-10-14,140.6010284423828,164.9929962158203,147.17681884765625,292.4006652832031,418.3363952636719,53.07588195800781
2021-10-15,141.6572723388672,170.4510040283203,150.00387573242188,293.8109436035156,421.52239990234375,53.580963134765625
2021-10-18,143.32972717285156,172.33700561523438,149.9498291015625,296.7856140136719,422.77032470703125,53.55527877807617
2021-10-19,145.49118041992188,172.20750427246094,151.7685089111328,297.6934814453125,426.0320129394531,54.3599739074707
2021-10-20,145.98016357421875,170.7530059814453,153.81227111816406,296.9014892578125,427.705322265625,54.65959548950195
2021-10-21,146.1953125,171.75050354003906,152.60581970214844,300.1369934082031,428.82086181640625,53.66656494140625
2021-10-22,145.42269897460938,166.77749633789062,154.6585693359375,298.5916442871094,428.37652587890625,54.034671783447266
2021-10-25,145.373779296875,166.01849365234375,153.90228271484375,297.5968322753906,430.673828125,55.08763122558594
2021-10-26,146.03884887695312,168.80349731445312,154.3164520263672,299.5091247558594,431.06146240234375,56.3631591796875
2021-10-27,145.57920837402344,169.62449645996094,151.102294921875,312.1227722167969,429.1517333984375,54.899295806884766
2021-10-28,149.21743774414062,172.32850646972656,153.380126953125,313.262451171875,433.29254150390625,55.053382873535156
2021-10-29,146.50830078125,168.6215057373047,152.95693969726562,320.28387451171875,434.1717834472656,55.19035339355469
2021-11-01,145.68679809570312,165.90550231933594,152.8759307861328,318.1108093261719,434.9186096191406,56.18339157104492
2021-11-02,146.72348022460938,165.6374969482422,153.47914123535156,321.7423095703125,436.67706298828125,55.4899787902832
2021-11-03,148.16119384765625,169.1999969482422,153.5331573486328,322.5824890136719,439.3430480957031,54.728084564208984
2021-11-04,147.642822265625,173.85000610351562,151.5164031982422,324.9391174316406,441.41357421875,55.13899612426758
2021-11-05,148.17172241210938,175.94949340820312,151.30032348632812,324.57208251953125,442.9450378417969,55.66117858886719
2021-11-08,147.34896850585938,174.44900512695312,152.2096710205078,325.4703063964844,443.3231506347656,56.260433197021484
2021-11-09,147.7113800048828,178.81149291992188,151.0572509765625,324.46588134765625,441.85791015625,56.80832290649414
2021-11-10,144.88075256347656,174.1024932861328,150.91319274902344,319.49188232421875,438.30316162109375,55.689144134521484
2021-11-11,144.83177185058594,173.625,150.90419006347656,321.06622314453125,438.4449462890625,55.79325866699219
2021-11-12,146.90823364257812,176.25750732421875,150.2289581298828,325.20953369140625,441.7538146972656,55.3681526184082
2021-11-15,146.91802978515625,177.28399658203125,149.9588165283203,324.5818176269531,441.9051208496094,55.84531784057617
2021-11-16,147.89749145507812,177.03500366210938,148.87843322753906,327.9042053222656,443.65411376953125,56.409236907958984
2021-11-17,150.33627319335938,177.4499969482422,148.07717895507812,328.1267395019531,442.5763244628906,55.79325866699219
2021-11-18,154.62631225585938,184.80299377441406,146.79872131347656,330.2070617675781,444.0794677734375,55.18596649169922
2021-11-19,157.25125122070312,183.82850646972656,144.8809814453125,331.9873962402344,443.2853698730469,52.63531494140625
2021-11-22,157.7115936279297,178.6284942626953,147.96913146972656,328.813720703125,442.0374450683594,53.36407470703125
2021-11-23,158.09356689453125,179.0019989013672,151.50741577148438,326.7333679199219,442.62359619140625,54.76953125
2021-11-24,158.61273193359375,179.02049255371094,150.31900024414062,326.9559631347656,443.8052978515625,55.073177337646484
2021-11-26,153.58811950683594,175.22799682617188,145.79029846191406,318.9927978515625,433.9070739746094,53.13850402832031
2021-11-29,156.94764709472656,178.07850646972656,145.16009521484375,325.7174377441406,439.2296447753906,53.43348693847656
2021-11-30,161.90365600585938,175.35350036621094,142.9993133544922,319.873291015625,430.6833190917969,51.91524124145508
2021-12-01,161.384521484375,172.18600463867188,142.15301513671875,319.3797302246094,425.89959716796875,51.871864318847656
2021-12-02,160.395263671875,171.8679962158203,145.14208984375,318.8088684082031,432.4228210449219,53.16453170776367
2021-12-03,158.51475524902344,169.489501953125,142.51312255859375,312.53900146484375,428.66015625,52.826175689697266
2021-12-06,161.9232177734375,171.36849975585938,144.19677734375,315.61590576171875,433.7369079589844,53.4248046875
2021-12-07,167.662841796875,176.1645050048828,146.36654663085938,324.0628356933594,442.7087097167969,54.0234260559082
2021-12-08,171.4827117919922,176.1580047607422,144.69192504882812,324.11126708984375,443.8810119628906,54.17958450317383
2021-12-09,170.97337341308594,174.17100524902344,144.46685791015625,322.3018493652344,440.8840637207031,54.31839370727539
2021-12-10,175.76292419433594,172.21200561523438,143.89065551757812,331.4358825683594,445.0343322753906,54.66542053222656
2021-12-13,172.129150390625,169.5675048828125,142.18002319335938,328.3975830078125,441.09210205078125,53.46818161010742
2021-12-14,170.74815368652344,169.0915069580078,143.26939392089844,317.69622802734375,438.05731201171875,53.39009475708008
2021-12-15,175.6160125732422,173.31500244140625,142.197998046875,323.8016357421875,444.9019775390625,53.155853271484375
2021-12-16,168.7206573486328,168.87100219726562,144.4218292236328,314.3677062988281,440.97857666015625,53.24261474609375
2021-12-17,167.6236572265625,170.0175018310547,141.13558959960938,313.3033142089844,436.2853088378906,52.08007049560547
2021-12-20,166.26222229003906,167.07899475097656,138.59669494628906,309.5394592285156,431.6461181640625,51.325286865234375
2021-12-21,169.43565368652344,170.41700744628906,140.53240966796875,316.68023681640625,439.311767578125,52.48782730102539
2021-12-22,172.0312042236328,171.03700256347656,141.0815887451172,322.3986511230469,443.70428466796875,52.91292953491211
2021-12-23,172.65802001953125,171.06849670410156,141.58580017089844,323.84027099609375,446.46514892578125,52.93896484375
2021-12-27,176.6248321533203,169.66949462890625,142.39605712890625,331.3487243652344,452.7834777832031,53.69375228881836
2021-12-28,175.60617065429688,170.66099548339844,142.82823181152344,330.1877136230469,452.4134826660156,53.520233154296875
2021-12-29,175.69435119628906,169.2010040283203,142.75621032714844,330.864990234375,452.9922790527344,53.05175018310547
2021-12-30,174.53860473632812,168.64450073242188,142.6842041015625,328.3202819824219,451.7398986816406,52.73942565917969
2021-12-31,173.9215545654297,166.7169952392578,142.56716918945312,325.41748046875,450.6014099121094,53.086456298828125
2022-01-03,178.2703094482422,170.4044952392578,145.58323669433594,323.8984069824219,453.2103576660156,55.1252326965332
2022-01-04,176.00778198242188,167.52200317382812,151.102294921875,318.3444519042969,453.05853271484375,57.1987190246582
2022-01-05,171.32598876953125,164.35699462890625,148.3397979736328,306.1238708496094,444.3589172363281,57.91012191772461
2022-01-06,168.46600341796875,163.25399780273438,149.91578674316406,303.7049865722656,443.94146728515625,59.27220153808594
2022-01-07,168.6324920654297,162.5540008544922,151.40118408203125,303.8597412109375,442.1863098144531,59.75802993774414
2022-01-10,168.65208435058594,161.48599243164062,151.54608154296875,304.0823059082031,441.6361389160156,59.402339935302734
2022-01-11,171.4827117919922,165.36199951171875,151.70005798339844,304.76922607421875,445.65863037109375,61.900943756103516
2022-01-12,171.9234619140625,165.20700073242188,152.5604705810547,307.95263671875,446.8635559082031,61.71873092651367
2022-01-13,168.65208435058594,161.21400451660156,152.37026977539062,294.9192810058594,440.7063293457031,61.276283264160156
2022-01-14,169.51402282714844,162.13800048828125,143.00509643554688,300.14422607421875,440.8865966796875,62.35208511352539
2022-01-18,166.31118774414062,158.91749572753906,137.00917053222656,292.8389892578125,433.0787048339844,63.40182876586914
2022-01-19,162.81455993652344,156.2989959716797,134.8897705078125,293.49688720703125,428.58172607421875,63.42783737182617
2022-01-20,161.12991333007812,151.66749572753906,133.739501953125,291.8230285644531,423.83819580078125,63.5666618347168
2022-01-21,159.0730438232422,142.64300537109375,131.40272521972656,286.4335632324219,415.5179443359375,62.612342834472656
2022-01-24,158.29925537109375,144.54400634765625,131.28497314453125,286.7625732421875,417.28253173828125,63.150230407714844
2022-01-25,156.49705505371094,139.98599243164062,132.71603393554688,279.1380310058594,412.1879577636719,65.0068130493164
2022-01-26,156.40892028808594,138.87249755859375,133.97500610351562,287.09149169921875,411.15386962890625,64.34747314453125
2022-01-27,155.9485626220703,139.6374969482422,131.6110382080078,290.12005615234375,409.1236267089844,65.17166137695312
2022-01-28,166.83029174804688,143.97799682617188,132.78851318359375,298.2671203613281,419.28436279296875,65.31047058105469
2022-01-31,171.18887329101562,149.57350158691406,134.5908660888672,300.8989562988281,426.8360900878906,65.90042877197266
2022-02-01,171.02235412597656,151.19349670410156,136.90048217773438,298.7508850097656,429.7202453613281,70.12548828125
2022-02-02,172.2270965576172,150.6125030517578,135.8045654296875,303.2985534667969,433.89459228515625,69.94328308105469
2022-02-03,169.34750366210938,138.8455047607422,134.68145751953125,291.48431396484375,423.6959533691406,69.12777709960938
2022-02-04,169.06307983398438,157.63949584960938,138.1775665283203,296.02239990234375,425.688232421875,70.62864685058594
2022-02-07,168.34719848632812,157.9355010986328,138.63949584960938,291.1940612792969,424.3220520019531,71.47888946533203
2022-02-08,171.45602416992188,161.4134979248047,141.24798583984375,294.68707275390625,427.81329345703125,69.6309585571289
2022-02-09,172.8780059814453,161.1894989013672,141.83670043945312,301.1214904785156,434.0748596191406,69.2976303100586
2022-02-10,168.7982940673828,159.0034942626953,141.24798583984375,292.57769775390625,426.27642822265625,68.6309814453125
2022-02-11,165.38548278808594,153.2935028076172,139.40933227539062,285.47564697265625,417.87078857421875,70.3590316772461
2022-02-14,165.620849609375,155.16700744628906,138.1141815185547,285.43701171875,416.504638671875,69.28009796142578
2022-02-15,169.45538330078125,156.510498046875,140.13392639160156,290.72955322265625,423.2215881347656,68.41167449951172
2022-02-16,169.21998596191406,158.10049438476562,140.38755798339844,290.3902893066406,423.6959533691406,68.72746276855469
2022-02-17,165.620849609375,154.65249633789062,137.15411376953125,281.8870544433594,414.64520263671875,68.62220001220703
2022-02-18,164.07131958007812,152.60150146484375,137.79714965820312,279.17218017578125,411.96026611328125,67.85905456542969
2022-02-22,161.14886474609375,150.19749450683594,137.55259704589844,278.96856689453125,407.5393371582031,67.06957244873047
2022-02-23,156.98089599609375,144.82699584960938,134.67242431640625,271.7451477050781,400.31011962890625,67.34149169921875
2022-02-24,159.59933471679688,151.35800170898438,130.92271423339844,285.6296691894531,406.3343505859375,66.49064636230469
2022-02-25,161.66859436035156,153.7884979248047,134.02029418945312,288.26690673828125,415.2998046875,68.28008270263672
2022-02-28,161.9333953857422,153.56300354003906,128.43194580078125,289.701904296875,414.2372131347656,68.78887939453125
2022-03-01,160.05047607421875,151.14199829101562,123.58631896972656,285.9786376953125,407.92822265625,69.44676208496094
2022-03-02,163.34561157226562,152.05250549316406,126.14954376220703,291.0593566894531,415.43255615234375,70.63972473144531
2022-03-03,163.02198791503906,147.89849853515625,125.25283813476562,286.9191589355469,413.3644104003906,71.08709716796875
2022-03-04,160.0210418701172,145.64100646972656,121.72954559326172,281.04345703125,410.0060119628906,73.76250457763672
2022-03-07,156.22573852539062,137.4530029296875,117.02886962890625,270.42657470703125,397.9192810058594,76.42037963867188
2022-03-08,154.40164184570312,136.01449584960938,116.20465850830078,267.45965576171875,394.9024353027344,76.99932098388672
2022-03-09,159.80526733398438,139.2790069580078,120.86006164550781,279.7248840332031,405.49005126953125,72.6221694946289
2022-03-10,155.4607696533203,146.8175048828125,119.42903900146484,276.9033508300781,403.6590576171875,74.87652587890625
2022-03-11,151.7439422607422,145.52450561523438,116.73904418945312,271.5512390136719,398.5265197753906,74.49056243896484
2022-03-14,147.71324157714844,141.85299682617188,117.89835357666016,268.0317077636719,395.614013671875,71.82392120361328
2022-03-15,152.0969696044922,147.3665008544922,119.99058532714844,278.4158630371094,404.31365966796875,67.73623657226562
2022-03-16,156.51014709472656,153.10400390625,125.35247802734375,285.4356994628906,413.27899169921875,67.48184967041016
2022-03-17,157.52024841308594,157.23899841308594,126.93751525878906,286.24053955078125,418.4495849609375,69.28009796142578
2022-03-18,160.81539916992188,161.25050354003906,126.89220428466797,291.2919616699219,423.03265380859375,69.00814819335938
2022-03-21,162.1884002685547,161.4915008544922,126.48464965820312,290.0606384277344,422.90899658203125,72.10462188720703
2022-03-22,165.56199645996094,164.88900756835938,129.17465209960938,294.81158447265625,427.8575744628906,71.78883361816406
2022-03-23,166.9251708984375,163.4080047607422,126.60237884521484,290.380615234375,422.34747314453125,72.92042541503906
2022-03-24,170.71066284179688,163.64950561523438,127.42659759521484,294.8504333496094,428.7140808105469,73.13970947265625
2022-03-25,171.34812927246094,164.77349853515625,128.54063415527344,294.4431457519531,430.8077392578125,74.73616790771484
2022-03-28,172.21115112304688,168.99049377441406,127.589599609375,301.2496643066406,433.8721008300781,72.63970947265625
2022-03-29,175.5063018798828,169.31500244140625,127.87040710449219,305.81634521484375,439.239501953125,72.25375366210938
2022-03-30,174.33932495117188,166.30099487304688,127.2907485961914,304.3134460449219,436.5272521972656,73.49057006835938
2022-03-31,171.24024963378906,162.99749755859375,123.46855926513672,298.9322814941406,429.80853271484375,72.44673156738281
2022-04-01,170.94607543945312,163.55999755859375,122.55375671386719,300.0085144042969,431.0266418457031,72.91165161132812
2022-04-04,174.996337890625,168.34649658203125,123.09721374511719,305.3897399902344,434.7190246582031,72.94672393798828
2022-04-05,171.6815643310547,164.05499267578125,121.66468048095703,301.4241638183594,429.2280578613281,72.56954193115234
2022-04-06,168.51394653320312,158.75599670410156,119.9767074584961,290.3902893066406,424.9360046386719,73.37654876708984
2022-04-07,168.8179168701172,157.7845001220703,119.61167907714844,292.2033996582031,427.0772705078125,74.60460662841797
2022-04-08,166.8074951171875,154.4604949951172,121.80157470703125,287.9372253417969,425.93524169921875,76.17476654052734
2022-04-11,162.55125427246094,151.1219940185547,121.3544692993164,276.5833740234375,418.65509033203125,73.55198669433594
2022-04-12,164.42437744140625,150.78750610351562,120.02230072021484,273.480712890625,417.1038513183594,75.08705139160156
2022-04-13,167.1114959716797,155.54100036621094,116.153564453125,278.8716735839844,421.88116455078125,76.14844512939453
2022-04-14,162.10011291503906,151.7064971923828,115.07689666748047,271.3185729980469,416.6280212402344,77.0431900024414
2022-04-18,161.88438415527344,152.78500366210938,117.2120132446289,271.9875793457031,416.79925537109375,77.67475128173828
2022-04-19,164.16940307617188,158.11549377441406,119.63906860351562,276.6221923828125,423.5275573730469,76.98177337646484
2022-04-20,164.002685546875,153.9980010986328,120.05879974365234,277.64990234375,423.21356201171875,77.15721893310547
2022-04-21,163.2083282470703,148.29600524902344,119.12811279296875,272.26873779296875,416.88494873046875,76.3414306640625
2022-04-22,158.66766357421875,144.35000610351562,115.70645904541016,265.6950378417969,405.446044921875,74.67476654052734
2022-04-25,159.7366485595703,146.07400512695312,115.66996002197266,272.1815185546875,407.796630859375,72.15726470947266
2022-04-26,153.77395629882812,139.39100646972656,112.24832153320312,262.0009460449219,395.98651123046875,72.18356323242188
2022-04-27,153.5484161376953,138.16700744628906,110.78842163085938,274.6054992675781,397.0998840332031,74.24495697021484
2022-04-28,160.48196411132812,144.59649658203125,112.54027557373047,280.8205261230469,407.13043212890625,76.49054718017578
2022-04-29,154.60757446289062,124.28150177001953,108.90879821777344,269.0788269042969,392.0846862792969,74.78003692626953
2022-05-02,154.9115447998047,124.5,109.90335083007812,275.81744384765625,394.4447326660156,75.79757690429688
2022-05-03,156.4022674560547,124.25350189208984,112.25743865966797,273.2092590332031,396.25299072265625,77.35896301269531
2022-05-04,162.81607055664062,125.92849731445312,115.9710693359375,281.15985107421875,408.320068359375,80.43787384033203
2022-05-05,153.74453735351562,116.40699768066406,113.06951141357422,268.9139709472656,393.8071594238281,79.2186050415039
2022-05-06,154.47129821777344,114.77249908447266,112.88702392578125,266.37371826171875,391.4565734863281,80.42910766601562
2022-05-09,149.34457397460938,108.78900146484375,111.18988037109375,256.53240966796875,378.9231872558594,74.0870590209961
2022-05-10,151.7507781982422,108.85900115966797,108.47994232177734,261.3027648925781,379.7987060546875,74.57828521728516
2022-05-11,143.88380432128906,105.37200164794922,107.79560852050781,252.62496948242188,373.7651672363281,76.13090515136719
2022-05-12,140.01417541503906,106.93049621582031,107.70437622070312,247.5831756591797,373.3749694824219,76.47650909423828
2022-05-13,144.48294067382812,113.05500030517578,108.66242980957031,253.1776580810547,382.3016052246094,78.74510955810547
2022-05-16,142.94097900390625,110.81050109863281,107.90511322021484,253.54612731933594,380.7503967285156,80.5971908569336
2022-05-17,146.57493591308594,115.36849975585938,111.48187255859375,258.7043151855469,388.5825500488281,81.62516784667969
2022-05-18,138.3052978515625,107.11250305175781,109.57487487792969,246.92556762695312,372.9181213378906,80.33133697509766
2022-05-19,134.8972625732422,107.31900024414062,107.95072937011719,246.01205444335938,370.6341857910156,80.76558685302734
2022-05-20,135.13296508789062,107.59100341796875,107.06565856933594,245.44837951660156,370.7960205078125,81.40361022949219
2022-05-23,140.5543670654297,107.55699920654297,113.68995666503906,253.31056213378906,377.73358154296875,83.20256042480469
2022-05-24,137.85345458984375,104.0999984741211,115.2958755493164,252.30960083007812,374.8501281738281,83.65450286865234
2022-05-25,138.0106201171875,106.7750015258789,116.09881591796875,255.12789916992188,378.1618347167969,85.33821868896484
2022-05-26,141.21240234375,111.07749938964844,118.10619354248047,258.4127197265625,385.718017578125,85.63951110839844
2022-05-27,146.96774291992188,115.14649963378906,119.77593994140625,265.54608154296875,395.1870422363281,86.48138427734375
2022-05-31,146.1820831298828,120.20950317382812,120.6518783569336,264.21466064453125,392.96966552734375,85.07238006591797
2022-06-01,146.05435180664062,121.68399810791016,118.53502655029297,264.7491455078125,389.79119873046875,86.70291137695312
2022-06-02,148.50975036621094,125.51100158691406,120.4420394897461,266.848388671875,397.2141418457031,86.5522689819336
2022-06-03,142.78384399414062,122.3499984741211,118.76313781738281,262.4167175292969,390.6953125,87.81062316894531
2022-06-06,143.5302734375,124.79000091552734,118.37078857421875,261.1824645996094,391.8847961425781,87.58909606933594
2022-06-07,146.05435180664062,123.0,118.68102264404297,264.8269348144531,395.64385986328125,91.60343933105469
2022-06-08,145.31773376464844,121.18000030517578,116.79227447509766,262.7957458496094,391.3424072265625,92.68455505371094
2022-06-09,140.09275817871094,116.1500015258789,114.33780670166016,257.3340148925781,382.03515625,90.68183135986328
2022-06-10,134.68115234375,109.6500015258789,109.0821533203125,245.86627197265625,370.9577941894531,89.02468872070312
2022-06-13,129.52493286132812,103.66999816894531,105.8338623046875,235.43838500976562,356.8731384277344,84.9394302368164
2022-06-14,130.38919067382812,102.30999755859375,104.0728759765625,237.60562133789062,355.7978210449219,85.16097259521484
2022-06-15,133.0115203857422,107.66999816894531,105.30465698242188,244.6708984375,360.8701477050781,84.08871459960938
2022-06-16,127.7374496459961,103.66000366210938,103.4980239868164,238.0720977783203,348.92681884765625,80.98712158203125
2022-06-17,129.2106170654297,106.22000122070312,103.13306427001953,240.67665100097656,349.678955078125,76.3169937133789
2022-06-21,133.4436492919922,108.68000030517578,105.6878890991211,246.59519958496094,358.4816589355469,81.06687927246094
2022-06-22,132.93295288085938,108.94999694824219,105.09478759765625,246.00230407714844,357.83172607421875,77.85894012451172
2022-06-23,135.80081176757812,112.44000244140625,103.94509887695312,251.57095336914062,361.3394470214844,75.51058959960938
2022-06-24,139.1302490234375,116.45999908447266,107.04743194580078,260.1620788574219,372.8277893066406,77.0082015991211
2022-06-27,139.1302490234375,113.22000122070312,106.1897201538086,257.4312438964844,371.40374755859375,78.89575958251953
2022-06-28,134.98562622070312,107.4000015258789,105.67875671386719,249.2580108642578,363.8148193359375,81.08460235595703
2022-06-29,136.74363708496094,108.91999816894531,105.20429992675781,252.93161010742188,363.5185546875,78.08935546875
2022-06-30,134.27845764160156,106.20999908447266,102.74983978271484,249.59812927246094,360.56524658203125,75.89163970947266
2022-07-01,136.4490203857422,109.55999755859375,104.06375122070312,252.270751953125,364.3787841796875,77.58421325683594
2022-07-05,139.0320587158203,113.5,103.66791534423828,255.44866943359375,365.06689453125,75.15612030029297
2022-07-06,140.36778259277344,114.33000183105469,102.99594116210938,258.7139892578125,366.29986572265625,73.8002700805664
2022-07-07,143.73654174804688,116.33000183105469,105.60098266601562,260.84234619140625,371.7859802246094,76.15748596191406
2022-07-08,144.41416931152344,115.54000091552734,105.26960754394531,260.1231994628906,371.4801940917969,76.28154754638672
2022-07-11,142.282958984375,111.75,103.88883209228516,257.0618896484375,367.2366027832031,75.89163970947266
2022-07-12,143.25527954101562,109.22000122070312,103.99009704589844,246.527099609375,363.98687744140625,74.88140106201172
2022-07-13,142.89190673828125,110.4000015258789,103.01435089111328,245.60389709472656,362.0753479003906,75.18270111083984
2022-07-14,145.8186492919922,110.62999725341797,99.41514587402344,246.92556762695312,361.1960144042969,73.67620849609375
2022-07-15,147.48828125,113.55000305175781,103.97169494628906,249.49124145507812,368.0967102050781,74.91685485839844
2022-07-18,144.44361877441406,113.76000213623047,102.90389251708984,247.09078979492188,365.0574035644531,76.29928588867188
2022-07-19,148.30349731445312,118.20999908447266,105.45368957519531,252.22210693359375,374.9208984375,78.2222671508789
2022-07-20,150.3070526123047,122.7699966430664,105.435302734375,254.885009765625,377.3103942871094,79.08185577392578
2022-07-21,152.5758056640625,124.62999725341797,106.1532974243164,257.3825988769531,381.152587890625,77.76145935058594
2022-07-22,151.33828735351562,122.41999816894531,105.63780975341797,253.0287322998047,377.61627197265625,77.167724609375
2022-07-25,150.21864318847656,121.13999938964844,106.06124877929688,251.54185485839844,378.0750427246094,79.73763275146484
2022-07-26,148.8927764892578,114.80999755859375,104.40431213378906,244.8069610595703,373.6020202636719,79.42745208740234
2022-07-27,153.9900665283203,120.97000122070312,106.07965850830078,261.1727600097656,383.3031311035156,81.1466293334961
2022-07-28,154.54006958007812,122.27999877929688,105.68383026123047,268.6267395019531,388.11065673828125,82.09483337402344
2022-07-29,159.60794067382812,134.9499969482422,106.19013214111328,272.83489990234375,393.7687683105469,85.8965072631836
2022-08-01,158.62579345703125,135.38999938964844,105.13153076171875,270.1817626953125,392.60272216796875,83.72539520263672
2022-08-02,157.15257263183594,134.16000366210938,103.49301147460938,267.0816650390625,390.01263427734375,83.362060546875
2022-08-03,163.1632843017578,139.52000427246094,104.57921600341797,274.5161437988281,396.12005615234375,80.65924835205078
2022-08-04,162.8489990234375,142.57000732421875,103.42858123779297,275.6629333496094,395.8524169921875,77.26520538330078
2022-08-05,162.62277221679688,140.8000030517578,106.55831909179688,274.94378662109375,395.1832580566406,78.38179016113281
2022-08-08,162.1506805419922,139.41000366210938,105.26039123535156,272.4267578125,394.7245178222656,78.82485961914062
2022-08-09,162.1999053955078,137.8300018310547,106.2085189819336,274.3509826660156,393.1570739746094,80.27819061279297
2022-08-10,166.44863891601562,142.69000244140625,108.9792709350586,281.0177917480469,401.41497802734375,81.040283203125
2022-08-11,165.7110137939453,140.63999938964844,110.59014892578125,278.93804931640625,401.41497802734375,83.38462829589844
2022-08-12,169.26145935058594,143.5500030517578,112.4219741821289,283.69036865234375,408.2105407714844,84.10939025878906
2022-08-15,170.33346557617188,143.17999267578125,112.72574615478516,285.2064514160156,409.8926696777344,82.60615539550781
2022-08-16,170.17613220214844,144.77999877929688,113.80274963378906,284.4678955078125,410.695556640625,81.8366470336914
2022-08-17,171.67103576660156,142.10000610351562,112.84539031982422,283.71795654296875,407.7804260253906,82.49877166748047
2022-08-18,171.27761840820312,142.3000030517578,111.97093200683594,282.5979309082031,408.9656066894531,84.44940948486328
2022-08-19,168.69102478027344,138.22999572753906,109.2001724243164,278.6827697753906,403.4699401855469,84.18095397949219
2022-08-22,164.8061981201172,133.22000122070312,107.3959732055664,270.5020751953125,395.068603515625,84.11833953857422
2022-08-23,164.47177124023438,133.6199951171875,106.33739471435547,269.2261962890625,394.1128845214844,87.68852233886719
2022-08-24,164.76681518554688,133.8000030517578,106.59513092041016,268.5931396484375,395.37457275390625,88.20748138427734
2022-08-25,167.22561645507812,137.27999877929688,109.12654113769531,271.5733337402344,400.9562072753906,88.66381072998047
2022-08-26,160.9213409423828,130.75,105.5549545288086,261.0940856933594,387.38421630859375,87.57218933105469
2022-08-29,158.71829223632812,129.7899932861328,105.29722595214844,258.3087158203125,384.8227844238281,89.58545684814453
2022-08-30,156.28903198242188,128.72999572753906,105.31564331054688,256.10772705078125,380.5982360839844,86.17633056640625
2022-08-31,154.62689208984375,126.7699966430664,104.68968200683594,254.64688110351562,377.7022705078125,85.5320816040039
2022-09-01,155.35470581054688,127.81999969482422,105.40767669677734,253.604736328125,378.8874206542969,83.99307250976562
2022-09-02,153.24014282226562,127.51000213623047,104.6712875366211,249.3780517578125,374.8923034667969,85.5320816040039
2022-09-06,151.9812469482422,126.11000061035156,104.69889068603516,246.641357421875,373.477783203125,84.95943450927734
2022-09-07,153.38768005371094,129.47999572753906,106.68719482421875,251.35508728027344,380.187255859375,84.23465728759766
2022-09-08,151.91241455078125,129.82000732421875,109.17257690429688,251.77386474609375,382.6722412109375,84.92364501953125
2022-09-09,154.77439880371094,133.27000427246094,109.69725799560547,257.55877685546875,388.6171569824219,86.34634399414062
2022-09-12,160.73448181152344,136.4499969482422,110.99518585205078,259.6916198730469,392.79388427734375,87.33953857421875
2022-09-13,151.30264282226562,126.81999969482422,107.13824462890625,245.41421508789062,375.71429443359375,85.29944610595703
2022-09-14,152.7483673095703,128.5500030517578,106.88970947265625,245.6382598876953,377.14794921875,87.39323425292969
2022-09-15,149.85690307617188,126.27999877929688,108.5006103515625,238.9767303466797,372.8660583496094,84.85205841064453
2022-09-16,148.2144317626953,123.52999877929688,107.77338409423828,238.35345458984375,370.021484375,83.40251922607422
2022-09-19,151.93206787109375,124.66000366210938,108.7675552368164,238.13919067382812,372.8909606933594,83.3935546875
2022-09-20,154.3121795654297,122.19000244140625,106.62276458740234,236.1232147216797,368.6106872558594,82.71351623535156
2022-09-21,151.1846160888672,118.54000091552734,103.5482406616211,232.71450805664062,362.18072509765625,81.38030242919922
2022-09-22,150.22079467773438,117.30999755859375,102.37000274658203,234.6915283203125,359.13848876953125,81.04029083251953
2022-09-23,147.94888305664062,113.77999877929688,100.46453857421875,231.71139526367188,353.1211853027344,76.72745513916016
2022-09-26,148.2832794189453,115.1500015258789,98.30133819580078,231.25367736816406,349.6278991699219,75.1436767578125
2022-09-27,149.25692749023438,114.41000366210938,97.43605041503906,230.24081420898438,348.7353515625,76.718505859375
2022-09-28,147.36859130859375,118.01000213623047,99.40594482421875,234.77923583984375,355.59722900390625,79.51020812988281
2022-09-29,140.12997436523438,114.80000305175781,97.72142028808594,231.30238342285156,348.1691589355469,79.34916687011719
2022-09-30,135.9205780029297,113.0,96.19336700439453,226.82241821289062,342.7852478027344,78.123291015625
2022-10-03,140.1005096435547,115.87999725341797,99.16661834716797,234.4578094482422,351.835205078125,82.24824523925781
2022-10-04,143.6903076171875,121.08999633789062,103.80598449707031,242.3854217529297,362.7373352050781,85.24575805664062
2022-10-05,143.98533630371094,120.94999694824219,102.5243148803711,242.697021484375,361.8928527832031,88.69066619873047
2022-10-06,143.03131103515625,120.30000305175781,100.43464660644531,240.3499298095703,358.1596374511719,91.3213119506836
2022-10-07,137.77943420410156,114.55999755859375,98.4285659790039,228.12745666503906,348.1691589355469,90.39970397949219
2022-10-10,138.10398864746094,113.66999816894531,97.50908660888672,223.26763916015625,345.5108337402344,88.44013977050781
2022-10-11,136.68771362304688,112.20999908447266,94.69499206542969,219.5278778076172,343.3226623535156,87.68852233886719
2022-10-12,136.05825805664062,112.9000015258789,96.22743225097656,219.85899353027344,342.190185546875,88.0732650756836
2022-10-13,140.631591796875,112.52999877929688,101.57701873779297,228.12745666503906,351.2209777832031,91.15130615234375
2022-10-14,136.09764099121094,106.9000015258789,103.26731872558594,222.59564208984375,343.21710205078125,88.75328826904297
2022-10-17,140.06114196777344,113.79000091552734,107.60456848144531,231.3315887451172,352.0367431640625,90.03282165527344
2022-10-18,141.37905883789062,116.36000061035156,110.37223815917969,232.27626037597656,356.17303466796875,90.19389343261719
2022-10-19,141.4872283935547,115.06999969482422,108.208251953125,230.30897521972656,353.6490173339844,92.86930084228516
2022-10-20,141.0249786376953,115.25,107.8553237915039,229.9875946044922,350.68359375,92.99456787109375
2022-10-21,144.84100341796875,119.31999969482422,113.52068328857422,235.8018035888672,359.20574951171875,94.72148895263672
2022-10-24,146.98501586914062,119.81999969482422,113.65998840332031,240.7979278564453,363.60113525390625,95.38361358642578
2022-10-25,149.82737731933594,120.5999984741211,113.95719909667969,244.1189422607422,369.40728759765625,94.73937225341797
2022-10-26,146.88670349121094,115.66000366210938,115.26673126220703,225.2836456298828,366.6241760253906,95.8667984008789
2022-10-27,142.4117431640625,110.95999908447266,115.72180938720703,220.83291625976562,364.66632080078125,96.2336654663086
2022-10-28,153.1713104248047,103.41000366210938,117.09636688232422,229.71490478515625,373.3420715332031,99.0522232055664
2022-10-31,150.81088256835938,102.44000244140625,116.91059875488281,226.07249450683594,370.645263671875,99.15064239501953
2022-11-01,148.16525268554688,96.79000091552734,119.01883697509766,222.2158203125,369.02337646484375,100.13492584228516
2022-11-02,142.63795471191406,92.12000274658203,117.92294311523438,214.35643005371094,359.76226806640625,98.076904296875
2022-11-03,136.58938598632812,89.30000305175781,118.13655853271484,208.65907287597656,356.057861328125,99.41014099121094
2022-11-04,136.3234100341797,90.9800033569336,121.36859130859375,215.61276245117188,361.1827087402344,100.49282836914062
2022-11-07,136.85533142089844,90.52999877929688,122.00942993164062,221.92367553710938,364.6376037597656,101.6828842163086
2022-11-08,137.42674255371094,89.9800033569336,122.083740234375,222.89756774902344,366.60498046875,102.00501251220703
2022-11-09,132.86557006835938,86.13999938964844,120.49559020996094,218.65133666992188,359.0521545410156,97.44160461425781
2022-11-10,144.68722534179688,96.62999725341797,125.45507049560547,236.63937377929688,378.78350830078125,98.87326049804688
2022-11-11,147.47515869140625,100.79000091552734,125.65937805175781,240.6615753173828,382.44964599609375,101.96026611328125
2022-11-14,146.07627868652344,98.48999786376953,124.36843872070312,235.24668884277344,379.1962585449219,102.25791931152344
2022-11-15,147.81008911132812,98.94000244140625,123.46756744384766,235.6557159423828,382.4303894042969,102.94343566894531
2022-11-16,146.5786590576172,97.12000274658203,123.63472747802734,236.08544921875,379.5129089355469,101.843017578125
2022-11-17,148.47998046875,94.8499984741211,123.0960693359375,236.03660583496094,378.3516540527344,101.9782943725586
2022-11-18,149.04151916503906,94.13999938964844,124.30342864990234,235.58737182617188,380.06951904296875,101.09435272216797
2022-11-21,145.81027221679688,92.45999908447266,123.56969451904297,236.39797973632812,378.6875915527344,100.09315490722656
2022-11-22,147.94802856445312,93.19999694824219,125.41793060302734,239.30841064453125,383.78350830078125,102.988525390625
2022-11-23,148.82479858398438,94.12999725341797,126.75533294677734,241.7988739013672,386.2019958496094,102.47439575195312
2022-11-25,145.9088134765625,93.41000366210938,126.99678802490234,241.7109375,386.1156311035156,102.11359405517578
2022-11-28,142.07659912109375,93.94999694824219,124.777099609375,236.11474609375,379.954345703125,99.0468521118164
2022-11-29,139.07192993164062,92.41999816894531,126.82963562011719,234.71810913085938,379.3017272949219,99.7052993774414
2022-11-30,145.82998657226562,96.54000091552734,128.33419799804688,249.18231201171875,391.2500305175781,100.42687225341797
2022-12-01,146.10581970214844,95.5,126.53242492675781,248.7427978515625,390.9621276855469,99.93982696533203
2022-12-02,145.6132049560547,94.12999725341797,125.52938842773438,249.06512451171875,390.5111083984375,99.09195709228516
2022-12-05,144.4508056640625,91.01000213623047,122.00942993164062,244.357666015625,383.4860534667969,96.37698364257812
2022-12-06,140.78607177734375,88.25,122.21376037597656,239.3962860107422,377.9582214355469,93.69808197021484
2022-12-07,138.84535217285156,88.45999908447266,122.13016510009766,238.66378784179688,377.315185546875,93.4906234741211
2022-12-08,140.5299072265625,90.3499984741211,123.41182708740234,241.62301635742188,380.27105712890625,94.1851577758789
2022-12-09,140.04722595214844,89.08999633789062,122.74314880371094,239.6892852783203,377.4303894042969,93.39140319824219
2022-12-12,142.3425750732422,90.55000305175781,124.6470718383789,246.61370849609375,382.8719482421875,95.69146728515625
2022-12-13,143.30801391601562,92.48999786376953,124.52632141113281,250.9207763671875,385.7701110839844,96.73777770996094
2022-12-14,141.08160400390625,91.58000183105469,123.90408325195312,251.21377563476562,383.3037109375,96.02519989013672
2022-12-15,134.47132873535156,88.44999694824219,120.82991027832031,243.1954345703125,373.92742919921875,95.10518646240234
2022-12-16,132.51092529296875,87.86000061035156,120.07762908935547,238.976318359375,369.51287841796875,94.43771362304688
2022-12-19,130.40269470214844,84.91999816894531,120.79276275634766,234.83535766601562,366.37939453125,94.86164093017578
2022-12-20,130.33375549316406,85.19000244140625,121.37789154052734,236.15382385253906,366.88079833984375,96.23267364501953
2022-12-21,133.4369659423828,86.7699966430664,122.74314880371094,238.722412109375,372.3666076660156,97.4683837890625
2022-12-22,130.26480102539062,83.79000091552734,121.35002136230469,232.6280975341797,367.0543518066406,95.50204467773438
2022-12-23,129.90029907226562,85.25,121.92584228515625,233.15550231933594,369.16571044921875,98.02761840820312
2022-12-27,128.0974884033203,83.04000091552734,122.3530502319336,231.42681884765625,367.7099304199219,99.38960266113281
2022-12-28,124.16678619384766,81.81999969482422,123.02177429199219,229.05357360839844,363.1401062011719,97.75700378417969
2022-12-29,127.6837158203125,84.18000030517578,123.72761535644531,235.38223266601562,369.6767578125,98.49663543701172
2022-12-30,127.99897766113281,84.0,124.5448989868164,234.22006225585938,368.7029724121094,99.48881530761719
2023-01-03,123.21119689941406,85.81999969482422,125.4922103881836,233.9856414794922,367.1507873535156,96.07030487060547
2023-01-04,124.4820327758789,85.13999938964844,126.66248321533203,223.7503662109375,369.9852600097656,96.34992218017578
2023-01-05,123.16194915771484,83.12000274658203,126.6343765258789,217.11892700195312,365.76251220703125,98.50566864013672
2023-01-06,127.69356536865234,86.08000183105469,129.05758666992188,219.67774963378906,374.1501770019531,99.69628143310547
2023-01-09,128.2156982421875,87.36000061035156,128.5242919921875,221.81658935546875,373.9380798339844,97.83818817138672
2023-01-10,128.78709411621094,89.87000274658203,129.6751251220703,223.50619506835938,376.5604553222656,99.29940795898438
2023-01-11,131.50608825683594,95.08999633789062,130.6387481689453,230.26461791992188,381.3231201171875,100.45393371582031
2023-01-12,131.42727661132812,95.2699966430664,130.50782775878906,232.94061279296875,382.71142578125,102.12261962890625
2023-01-13,132.75718688964844,98.12000274658203,133.80111694335938,233.64381408691406,384.1961669921875,102.05947875976562
2023-01-17,133.91966247558594,96.05000305175781,131.7334442138672,234.73770141601562,383.4923400878906,101.86104583740234
2023-01-18,133.2005157470703,95.45999908447266,127.77583312988281,230.3036651611328,377.4377746582031,99.76844024658203
2023-01-19,133.25962829589844,93.68000030517578,126.0730209350586,226.51425170898438,374.6900939941406,100.40884399414062
2023-01-20,135.82095336914062,97.25,126.38175964355469,234.6106719970703,381.6701965332031,102.2398910522461
2023-01-23,139.01284790039062,97.5199966430664,128.43075561523438,236.9155731201172,386.24969482421875,101.70770263671875
2023-01-24,140.41171264648438,96.31999969482422,129.53477478027344,236.38819885253906,385.8351745605469,102.65479278564453
2023-01-25,139.7516632080078,97.18000030517578,130.16160583496094,234.99160766601562,385.9797668457031,102.11359405517578
2023-01-26,141.82044982910156,99.22000122070312,130.9661865234375,242.2090301513672,390.2218017578125,106.2176284790039
2023-01-27,143.76116943359375,102.23999786376953,131.28436279296875,242.3652801513672,391.1184387207031,104.27836608886719
2023-01-30,140.87474060058594,100.55000305175781,130.1709747314453,237.0425567626953,386.2110900878906,102.42929077148438
2023-01-31,142.14553833007812,103.12999725341797,130.94752502441406,242.02345275878906,391.8897705078125,104.63916015625
2023-02-01,143.26858520507812,105.1500015258789,130.60134887695312,246.8480987548828,396.0546569824219,103.4936294555664
2023-02-02,148.57850646972656,112.91000366210938,129.99319458007812,258.4214782714844,401.82000732421875,100.2555160522461
2023-02-03,152.20382690429688,103.38999938964844,132.0047607421875,252.31736755371094,397.54901123046875,100.95004272460938
2023-02-06,149.4749755859375,102.18000030517578,132.7812957763672,250.7742156982422,395.1195068359375,100.77867126464844
2023-02-07,152.35157775878906,102.11000061035156,134.39990234375,261.3122863769531,400.287109375,103.6559829711914
2023-02-08,149.6621856689453,100.05000305175781,133.4549560546875,260.501708984375,395.9100646972656,102.7540054321289
2023-02-09,148.6277618408203,98.23999786376953,131.37789916992188,257.4643249511719,392.4778137207031,103.14185333251953
2023-02-10,148.9927978515625,97.61000061035156,131.95799255371094,256.95648193359375,393.39373779296875,107.4894027709961
2023-02-13,151.79489135742188,99.54000091552734,133.38946533203125,264.9845275878906,398.0117492675781,107.07131958007812
2023-02-14,151.15354919433594,99.69999694824219,133.97889709472656,265.81463623046875,397.8285827636719,105.81700897216797
2023-02-15,153.25511169433594,101.16000366210938,134.54025268554688,263.6899719238281,399.12054443359375,105.4988784790039
2023-02-16,151.65676879882812,98.1500015258789,132.68775939941406,256.669921875,393.6250915527344,105.1898422241211
2023-02-17,150.51226806640625,97.19999694824219,133.08067321777344,252.6654052734375,392.6416931152344,101.14511108398438
2023-02-21,146.49659729003906,94.58000183105469,130.6387481689453,247.38804626464844,384.7650146484375,101.0451431274414
2023-02-22,146.9208984375,95.79000091552734,129.63768005371094,246.25233459472656,384.2347106933594,99.73628997802734
2023-02-23,147.4043426513672,95.81999969482422,130.67620849609375,249.4441680908203,386.27862548828125,100.65430450439453
2023-02-24,144.7502899169922,93.5,131.8550567626953,244.0101776123047,382.1523132324219,100.66339874267578
2023-02-27,145.94412231445312,93.76000213623047,133.005859375,244.9305419921875,383.4538269042969,100.48160552978516
2023-02-28,145.44090270996094,94.2300033569336,134.11924743652344,244.20602416992188,382.03656005859375,99.89989471435547
2023-03-01,143.36898803710938,92.16999816894531,133.37074279785156,241.1218719482422,380.57110595703125,100.79065704345703
2023-03-02,143.9609832763672,92.12999725341797,131.9860382080078,245.8606719970703,383.5309143066406,101.25420379638672
2023-03-03,149.01255798339844,94.9000015258789,134.40928649902344,249.9532470703125,389.6819152832031,102.53578186035156
2023-03-06,151.775146484375,93.75,133.6233673095703,251.50027465820312,389.9518737792969,103.44470977783203
2023-03-07,149.574951171875,93.55000305175781,129.6938018798828,248.837158203125,383.97442626953125,101.44507598876953
2023-03-08,150.82797241210938,93.91999816894531,128.92662048339844,248.39649963378906,384.6011047363281,99.96353149414062
2023-03-09,148.5784149169922,92.25,121.94697570800781,247.04541015625,377.5052490234375,99.19094848632812
2023-03-10,146.51634216308594,90.7300033569336,125.0438461303711,243.39334106445312,372.0580749511719,97.96389770507812
2023-03-13,148.46005249023438,92.43000030517578,122.79840087890625,248.61196899414062,371.52777099609375,96.83682250976562
2023-03-14,150.55172729492188,94.87999725341797,125.95137786865234,255.33831787109375,377.6691589355469,97.20040130615234
2023-03-15,150.94638061523438,96.19999694824219,120.00092315673828,259.89111328125,375.3070983886719,92.36492156982422
2023-03-16,153.76820373535156,100.04000091552734,122.33056640625,270.42620849609375,381.89190673828125,91.82865142822266
2023-03-17,152.92950439453125,98.94999694824219,117.70868682861328,273.58868408203125,377.42657470703125,90.74702453613281
2023-03-20,155.2974853515625,97.70999908447266,118.95303344726562,266.5391845703125,381.0557861328125,93.11933135986328
2023-03-21,157.15235900878906,100.61000061035156,122.14346313476562,268.0567932128906,386.0592041015625,97.2912826538086
2023-03-22,155.7217254638672,98.69999694824219,118.99046325683594,266.59796142578125,379.4783020019531,95.06441497802734
2023-03-23,156.80699157714844,98.70999908447266,118.67236328125,271.85565185546875,380.5041809082031,93.99189758300781
2023-03-24,158.10940551757812,98.12999725341797,116.86665344238281,274.70489501953125,383.00103759765625,94.10095977783203
2023-03-27,156.1657257080078,98.04000091552734,120.21612548828125,270.60235595703125,383.7171630859375,96.16423034667969
2023-03-28,155.5441131591797,97.23999786376953,120.58100128173828,269.47650146484375,382.8558654785156,97.36399841308594
2023-03-29,158.6224365234375,100.25,120.82426452636719,274.64605712890625,388.420654296875,99.03642272949219
2023-03-30,160.19122314453125,102.0,120.45938110351562,278.112060546875,390.6949768066406,99.51815032958984
2023-03-31,162.69729614257812,103.29000091552734,121.91893005371094,282.2732238769531,396.2016296386719,99.67266845703125
2023-04-03,163.95033264160156,102.41000366210938,121.778564453125,281.2255859375,397.71136474609375,105.55341339111328
2023-04-04,163.41754150390625,103.94999694824219,120.15062713623047,281.1766052246094,395.5047912597656,104.54449462890625
2023-04-05,161.572509765625,101.0999984741211,120.32978820800781,278.39599609375,394.4693603515625,106.33509063720703
2023-04-06,162.4604949951172,102.05999755859375,120.1977767944336,285.5043029785156,396.0080871582031,104.57177734375
2023-04-10,159.86561584472656,102.16999816894531,120.59381103515625,283.3404235839844,396.41448974609375,104.10822296142578
2023-04-11,158.6520538330078,99.91999816894531,121.18787384033203,276.9176330566406,396.5209655761719,104.84445190429688
2023-04-12,157.96139526367188,97.83000183105469,121.16899871826172,277.56378173828125,394.9048156738281,104.7353744506836
2023-04-13,163.34844970703125,102.4000015258789,121.63105773925781,283.78106689453125,400.1501770019531,105.22618865966797
2023-04-14,163.00314331054688,102.51000213623047,130.8153839111328,280.1584167480469,399.1727294921875,105.48069763183594
2023-04-17,163.02288818359375,102.73999786376953,131.8526153564453,282.7628479003906,400.6050109863281,104.25364685058594
2023-04-18,164.24632263183594,102.30000305175781,133.3330535888672,282.341796875,400.8663635253906,106.28963470458984
2023-04-19,165.39085388183594,104.30000305175781,133.163330078125,282.42010498046875,400.79864501953125,105.95333862304688
2023-04-20,164.4239044189453,103.80999755859375,132.7767333984375,280.12896728515625,398.6114501953125,105.1080322265625
2023-04-21,162.81570434570312,106.95999908447266,132.52210998535156,279.78631591796875,398.9211120605469,105.4443359375
2023-04-24,163.1215362548828,106.20999908447266,132.70127868652344,275.8797302246094,399.3372802734375,107.43488311767578
2023-04-25,161.58236694335938,102.56999969482422,129.81582641601562,269.6625061035156,392.9982604980469,105.90789031982422
2023-04-26,161.572509765625,104.9800033569336,127.5150375366211,289.1954345703125,391.33367919921875,104.93535614013672
2023-04-27,166.16041564941406,109.81999969482422,129.23123168945312,298.45770263671875,399.12432861328125,106.18965911865234
2023-04-28,167.41343688964844,105.44999694824219,130.35333251953125,300.8368835449219,402.53094482421875,107.56214904785156
2023-05-01,167.32464599609375,102.05000305175781,133.14447021484375,299.17242431640625,402.12445068359375,104.22637176513672
2023-05-02,166.2886505126953,103.62999725341797,130.99453735351562,299.0256042480469,397.6049499511719,100.07260131835938
2023-05-03,165.21324157714844,103.6500015258789,128.22225952148438,298.03668212890625,394.87579345703125,98.10023498535156
2023-05-04,163.5753936767578,104.0,126.46837615966797,299.0256042480469,392.0788879394531,96.38236999511719
2023-05-05,171.25148010253906,105.66000366210938,128.9388885498047,304.1560363769531,399.3372802734375,98.78192901611328
2023-05-08,171.18240356445312,105.83000183105469,129.2500762939453,302.19781494140625,399.4437561035156,99.17276763916016
2023-05-09,169.47552490234375,106.62000274658203,128.6277618408203,300.58233642578125,397.6919860839844,99.20001983642578
2023-05-10,171.24160766601562,110.19000244140625,128.69374084472656,305.7813415527344,399.5501708984375,97.92752838134766
2023-05-11,171.42909240722656,112.18000030517578,128.2882843017578,303.62738037109375,398.85333251953125,96.15513610839844
2023-05-12,170.50033569335938,110.26000213623047,126.44952392578125,302.51116943359375,398.3307800292969,96.14604949951172
2023-05-15,170.00636291503906,111.19999694824219,127.5150375366211,302.9908752441406,399.70501708984375,96.32940673828125
2023-05-16,170.00636291503906,113.4000015258789,126.65697479248047,305.2232360839844,397.0339050292969,93.99153900146484
2023-05-17,170.61891174316406,115.5,130.55136108398438,308.1080322265625,401.85357666015625,96.1001968383789
2023-05-18,172.95062255859375,118.1500015258789,131.54144287109375,312.54327392578125,405.7246398925781,96.9711685180664
2023-05-19,173.05929565429688,116.25,131.2397003173828,312.3665771484375,405.13427734375,97.42040252685547
2023-05-22,172.1107940673828,115.01000213623047,130.15528869628906,315.1533203125,405.298828125,96.23772430419922
2023-05-23,169.50245666503906,114.98999786376953,128.79745483398438,309.34442138671875,400.7502746582031,97.54875183105469
2023-05-24,169.7790985107422,116.75,127.6187744140625,307.9609069824219,397.84686279296875,98.6397705078125
2023-05-25,170.9153289794922,115.0,127.92994689941406,319.804443359375,401.2922058105469,96.87032318115234
2023-05-26,173.3260498046875,120.11000061035156,129.1274871826172,326.6436462402344,406.4891662597656,96.23772430419922
2023-05-30,175.1736297607422,121.66000366210938,129.61782836914062,324.9951171875,406.64404296875,95.38508605957031
2023-05-31,175.12420654296875,120.58000183105469,127.96765899658203,322.22802734375,404.3891296386719,93.67981719970703
2023-06-01,177.93014526367188,122.7699966430664,129.73098754882812,326.33941650390625,408.2312316894531,94.76165771484375
2023-06-02,178.77981567382812,124.25,132.45611572265625,329.1064758300781,414.13470458984375,96.96200561523438
2023-06-05,177.42626953125,125.30000305175781,131.15484619140625,329.6363830566406,413.3410949707031,96.53109741210938
2023-06-06,177.06068420410156,126.61000061035156,131.39056396484375,327.4187927246094,414.2411193847656,97.3195571899414
2023-06-07,175.68736267089844,121.2300033569336,132.66355895996094,317.3120422363281,412.808837890625,99.5015640258789
2023-06-08,178.40440368652344,124.25,132.70127868652344,319.15679931640625,415.3056945800781,99.18985748291016
2023-06-09,178.7897186279297,123.43000030517578,132.96530151367188,320.6580810546875,416.0508728027344,98.45640563964844
2023-06-12,181.5857391357422,126.56999969482422,132.95590209960938,325.6231689453125,419.8252868652344,97.56708526611328
2023-06-13,181.11151123046875,126.66000366210938,133.91769409179688,328.0173645019531,422.5931091308594,97.5854263305664
2023-06-14,181.74386596679688,126.41999816894531,133.41790771484375,331.0101013183594,423.0963439941406,96.41192626953125
2023-06-15,183.77914428710938,127.11000061035156,134.92665100097656,341.5682373046875,428.3418273925781,97.0811996459961
2023-06-16,182.7022247314453,125.48999786376953,135.08692932128906,335.9064636230469,426.88275146484375,96.38440704345703
2023-06-20,182.7911376953125,125.77999877929688,134.39859008789062,331.706787109375,424.6679992675781,94.17488861083984
2023-06-21,181.7537384033203,124.83000183105469,134.20057678222656,327.3010559082031,422.4921569824219,95.22924041748047
2023-06-22,184.75729370117188,130.14999389648438,131.6168975830078,333.3356628417969,424.0172424316406,94.70664978027344
2023-06-23,184.44110107421875,129.3300018310547,130.92852783203125,328.733642578125,420.8116149902344,93.88150787353516
2023-06-26,183.0480499267578,127.33000183105469,131.24913024902344,322.43414306640625,419.09228515625,95.61429595947266
2023-06-27,185.80455017089844,129.17999267578125,131.25856018066406,328.29217529296875,423.6869201660156,95.8526611328125
2023-06-28,186.98028564453125,129.0399932861328,130.68336486816406,329.5480651855469,423.9006652832031,96.63194274902344
2023-06-29,187.31619262695312,127.9000015258789,135.24725341796875,328.7630310058594,425.57135009765625,97.82379913330078
2023-06-30,191.6436767578125,130.36000061035156,137.14254760742188,334.15008544921875,430.5934143066406,98.32805633544922
2023-07-03,190.1517791748047,130.22000122070312,138.24583435058594,331.6478576660156,431.0888366699219,98.52058410644531
2023-07-05,189.0353546142578,130.3800048828125,137.3248748779297,331.8049011230469,430.4477233886719,98.01632690429688
2023-07-06,189.50958251953125,128.36000061035156,135.96722412109375,334.86639404296875,427.0769958496094,94.3582534790039
2023-07-07,188.3931427001953,129.77999877929688,137.0400390625,330.89239501953125,425.9987487792969,94.57830047607422
2023-07-10,186.34796142578125,127.12999725341797,137.80905151367188,325.603515625,427.0769958496094,95.98101043701172
2023-07-11,185.8243408203125,128.77999877929688,139.9642791748047,326.2314758300781,429.7968444824219,97.15453338623047
2023-07-12,187.49404907226562,130.8000030517578,140.65736389160156,330.8727722167969,433.25494384765625,97.63126373291016
2023-07-13,188.2548065185547,134.3000030517578,141.34091186523438,336.2303161621094,436.6937255859375,95.84349060058594
2023-07-14,188.4030303955078,134.67999267578125,142.19541931152344,338.7618408203125,436.4217224121094,92.54296875
2023-07-17,191.66346740722656,133.55999755859375,145.6228485107422,339.24267578125,437.9370422363281,92.94635772705078
2023-07-18,191.40652465820312,132.8300018310547,145.88870239257812,352.7444763183594,441.1911926269531,92.5246353149414
2023-07-19,192.76014709472656,135.36000061035156,146.4488525390625,348.4172668457031,442.1722717285156,93.1664047241211
2023-07-20,190.8137664794922,129.9600067138672,148.2527618408203,340.3612976074219,439.2386779785156,94.80751037597656
2023-07-21,189.63803100585938,130.0,147.11346435546875,337.3194580078125,439.2386779785156,95.24756622314453
2023-07-24,190.43832397460938,128.8000030517578,150.00921630859375,338.63427734375,441.200927734375,96.74195861816406
2023-07-25,191.29788208007812,129.1300048828125,148.88888549804688,344.3941650390625,442.4054260253906,96.88866424560547
2023-07-26,192.1673126220703,128.14999389648438,149.78134155273438,331.43206787109375,442.4734191894531,96.34774780273438
2023-07-27,190.90267944335938,128.25,148.12933349609375,324.51434326171875,439.5398254394531,96.65028381347656
2023-07-28,193.4813690185547,132.2100067138672,148.9743194580078,332.0207824707031,443.84307861328125,95.49510955810547
2023-07-31,194.0939178466797,133.67999267578125,149.97122192382812,329.6167907714844,444.68817138671875,98.31887817382812
2023-08-01,193.26400756835938,131.69000244140625,149.23065185546875,330.0289001464844,443.4156494140625,97.75045013427734
2023-08-02,190.27035522460938,128.2100067138672,147.5406951904297,321.3547668457031,437.2474060058594,96.53109741210938
2023-08-03,188.87725830078125,128.91000366210938,148.44265747070312,320.530517578125,435.99432373046875,98.2088623046875
2023-08-04,179.80735778808594,139.57000732421875,148.12933349609375,321.6294860839844,434.0223693847656,98.4839096069336
2023-08-07,176.70501708984375,142.22000122070312,148.8319091796875,323.9158020019531,437.8108215332031,98.28221130371094
2023-08-08,177.64361572265625,139.94000244140625,147.99639892578125,319.9319152832031,435.9068908691406,98.76813507080078
2023-08-09,176.0529327392578,137.85000610351562,146.0121307373047,316.1837158203125,432.9927673339844,100.44589233398438
2023-08-10,175.83555603027344,138.55999755859375,145.7937469482422,316.8705139160156,433.1481628417969,100.95929718017578
2023-08-11,175.89492797851562,138.41000366210938,146.63873291015625,314.9865417480469,432.8956298828125,102.52703857421875
2023-08-14,177.54713439941406,140.57000732421875,146.94253540039062,317.9596862792969,435.2851867675781,102.60956573486328
2023-08-15,175.55857849121094,137.6699981689453,143.2018280029297,315.820556640625,430.2146301269531,99.97522735595703
2023-08-16,174.68797302246094,135.07000732421875,142.5941925048828,315.0536193847656,427.0575866699219,98.2929458618164
2023-08-17,172.14537048339844,133.97999572753906,141.1130828857422,311.5923156738281,423.8034973144531,100.19707489013672
2023-08-18,172.63011169433594,133.22000122070312,141.4358673095703,311.19903564453125,424.00750732421875,101.71295928955078
2023-08-21,173.9657440185547,134.67999267578125,141.92010498046875,316.5089111328125,426.7662353515625,100.48361206054688
2023-08-22,175.3408966064453,134.25,138.97686767578125,317.0792236328125,425.6102600097656,99.91976928710938
2023-08-23,179.18942260742188,135.52000427246094,139.91680908203125,321.54345703125,430.3505554199219,99.04166412353516
2023-08-24,174.49996948242188,131.83999633789062,139.78387451171875,314.63079833984375,424.3863525390625,98.30220031738281
2023-08-25,176.7061767578125,133.25999450683594,139.61297607421875,317.590576171875,427.3782043457031,100.05841064453125
2023-08-28,178.26934814453125,133.13999938964844,140.09718322753906,318.2985534667969,430.08837890625,100.8995590209961
2023-08-29,182.157470703125,134.91000366210938,141.23651123046875,322.9299011230469,436.30517578125,101.5003662109375
2023-08-30,185.6498565673828,135.07000732421875,140.6668701171875,323.3036193847656,438.1022033691406,102.48939514160156
2023-08-31,185.8675079345703,138.00999450683594,138.92941284179688,322.290771484375,437.4610900878906,102.77593994140625
2023-09-01,187.44058227539062,138.1199951171875,139.39462280273438,323.17578125,438.27703857421875,104.92961883544922
2023-09-05,187.67800903320312,137.27000427246094,137.85655212402344,327.9841613769531,436.38287353515625,104.93885803222656
2023-09-06,180.9603729248047,135.36000061035156,137.62869262695312,327.3253173828125,433.44927978515625,105.8447036743164
2023-09-07,175.66737365722656,137.85000610351562,136.45140075683594,324.4049072265625,432.11846923828125,105.32707214355469
2023-09-08,176.28077697753906,138.22999572753906,136.5558319091797,328.6921691894531,432.7693176269531,106.86146545410156
2023-09-11,177.4481964111328,143.10000610351562,137.1540069580078,332.3009948730469,435.6155090332031,105.52119445800781
2023-09-12,174.4208221435547,141.22999572753906,138.9388885498047,326.2338562011719,433.225830078125,108.59920501708984
2023-09-13,172.3531036376953,144.85000610351562,139.00535583496094,330.4523010253906,433.7309875488281,107.628662109375
2023-09-14,173.86679077148438,144.72000122070312,141.70172119140625,333.0482482910156,437.4707946777344,109.55126190185547
2023-09-15,173.14454650878906,140.38999938964844,141.2839813232422,324.709716796875,432.2000427246094,107.86898040771484
2023-09-18,176.072998046875,139.97999572753906,141.57830810546875,323.569091796875,432.4534606933594,108.73784637451172
2023-09-19,177.16128540039062,137.6300048828125,141.3979034423828,323.16595458984375,431.5566101074219,108.45130157470703
2023-09-20,173.6194610595703,135.2899932861328,140.79977416992188,315.41741943359375,427.5892028808594,107.59169006347656
2023-09-21,172.07608032226562,129.3300018310547,139.6984405517578,314.1981506347656,420.5218200683594,106.07579040527344
2023-09-22,172.92691040039062,129.1199951171875,138.3597412109375,311.72021484375,419.5763244628906,106.2421646118164
2023-09-25,174.20315551757812,131.27000427246094,139.0433349609375,312.2413635253906,421.3406982421875,107.43455505371094
2023-09-26,170.12705993652344,125.9800033569336,137.60018920898438,306.93145751953125,415.1506652832031,107.60093688964844
2023-09-27,168.61338806152344,125.9800033569336,138.4072265625,307.5705871582031,415.31634521484375,111.10411834716797
2023-09-28,168.87062072753906,125.9800033569336,140.1256561279297,308.4064636230469,417.72412109375,110.42935943603516
2023-09-29,169.38510131835938,127.12000274658203,137.6856689453125,310.4811706542969,416.7103576660156,108.6823959350586
2023-10-02,171.89801025390625,129.4600067138672,136.49887084960938,316.43023681640625,416.54461669921875,106.87995147705078
2023-10-03,170.56239318847656,124.72000122070312,135.4924774169922,308.1606140136719,410.9687194824219,107.0648193359375
2023-10-04,171.80897521972656,127.0,136.10012817382812,313.63763427734375,413.9613952636719,103.0624771118164
2023-10-05,173.04563903808594,125.95999908447266,136.67396545410156,314.0309753417969,413.8053894042969,100.74241638183594
2023-10-06,175.59815979003906,127.95999908447266,138.7781219482422,321.7991638183594,418.7184143066406,99.06014251708984
2023-10-09,177.0821533203125,128.25999450683594,138.46249389648438,324.3164367675781,421.3992004394531,102.52637481689453
2023-10-10,176.48854064941406,129.47999572753906,139.30416870117188,322.9103088378906,423.5924987792969,102.09193420410156
2023-10-11,177.8834991455078,131.8300018310547,139.78236389160156,326.8730773925781,425.32763671875,98.43158721923828
2023-10-12,178.78382873535156,132.3300018310547,139.45718383789062,325.63409423828125,422.7346496582031,98.41311645507812
2023-10-13,176.94363403320312,129.7899932861328,141.55178833007812,322.26129150390625,420.62908935546875,101.55583190917969
2023-10-16,176.81503295898438,132.5500030517578,141.40830993652344,327.0893859863281,425.0546569824219,101.62976837158203
2023-10-17,175.2617645263672,131.47000122070312,141.10226440429688,326.5190124511719,425.0351867675781,102.96080017089844
2023-10-18,173.9657440185547,128.1300048828125,139.5528564453125,324.6015319824219,419.3715515136719,104.40274810791016
2023-10-19,173.58978271484375,128.39999389648438,138.95982360839844,325.7913818359375,415.6868591308594,104.46744537353516
2023-10-20,171.03729248046875,125.16999816894531,136.72178649902344,321.2190246582031,410.578857421875,102.67426300048828
2023-10-23,171.15599060058594,126.55999755859375,134.8567657470703,323.82476806640625,409.8671569824219,101.1676025390625
2023-10-24,171.59130859375,128.55999755859375,135.01937866210938,325.0145568847656,412.9573974609375,100.18782043457031
2023-10-25,169.27626037597656,121.38999938964844,134.28289794921875,334.9853210449219,407.030517578125,100.37268829345703
2023-10-26,165.11111450195312,119.56999969482422,134.62721252441406,322.4186706542969,402.156494140625,99.45759582519531
2023-10-27,166.4269256591797,127.73999786376953,129.77809143066406,324.30657958984375,400.33355712890625,97.56272888183594
2023-10-30,168.47488403320312,132.7100067138672,131.4327392578125,331.6814270019531,405.119873046875,97.86775970458984
2023-10-31,168.9497528076172,133.08999633789062,133.0012664794922,332.4681091308594,407.6640930175781,97.84002685546875
2023-11-01,172.1156463623047,137.0,132.88650512695312,340.2952880859375,412.01177978515625,97.64593505859375
2023-11-02,175.6773223876953,138.07000732421875,135.25845336914062,342.50775146484375,419.9076843261719,100.85333251953125
2023-11-03,174.76708984375,138.60000610351562,136.7696075439453,346.9129333496094,423.7387390136719,99.62398529052734
2023-11-06,177.31959533691406,139.74000549316406,137.80258178710938,350.5807800292969,424.71356201171875,97.8585205078125
2023-11-07,179.88198852539062,142.7100067138672,137.735595703125,354.51397705078125,425.92230224609375,96.32414245605469
2023-11-08,180.94058227539062,142.0800018310547,138.41468811035156,357.1394348144531,426.234130859375,95.14099884033203
2023-11-09,180.46568298339844,140.60000610351562,138.00340270996094,354.67132568359375,422.9100646972656,95.16871643066406
2023-11-10,184.65611267089844,143.55999755859375,140.05018615722656,363.5014953613281,429.5095520019531,95.8989486694336
2023-11-13,183.07107543945312,142.58999633789062,139.42848205566406,360.56134033203125,429.10009765625,96.90646362304688
2023-11-14,185.68641662597656,145.8000030517578,141.97259521484375,364.0914611816406,437.42498779296875,97.27957916259766
2023-11-15,186.2510528564453,143.1999969482422,143.2159423828125,364.2392578125,438.35107421875,96.69192504882812
2023-11-16,187.93516540527344,142.8300018310547,144.8514404296875,370.6437683105469,438.8872375488281,95.57258605957031
2023-11-17,187.9153289794922,145.17999267578125,146.16177368164062,364.4166259765625,439.43310546875,97.90453338623047
2023-11-20,189.6588592529297,146.1300048828125,146.61131286621094,371.8951110839844,442.8157043457031,97.47545623779297
2023-11-21,188.8564453125,143.89999389648438,146.3052520751953,367.5893249511719,441.8506164550781,97.43814849853516
2023-11-22,189.52017211914062,146.7100067138672,146.64956665039062,372.299072265625,443.5565185546875,97.01841735839844
2023-11-24,188.1927490234375,146.74000549316406,146.8503875732422,371.8852844238281,443.8294677734375,97.54076385498047
2023-11-27,188.014404296875,147.72999572753906,146.51564025878906,373.04791259765625,443.0301513671875,96.97174835205078
2023-11-28,188.61868286132812,147.02999877929688,146.8503875732422,377.077880859375,443.46881103515625,96.9157943725586
2023-11-29,187.5983428955078,146.32000732421875,147.596435546875,373.2844543457031,443.1568298339844,95.46064758300781
2023-11-30,188.17288208007812,146.08999633789062,149.27972412109375,373.3434753417969,444.9017333984375,95.83377838134766
2023-12-01,189.4508514404297,147.02999877929688,150.00662231445312,369.0081787109375,447.53375244140625,96.06695556640625
2023-12-04,187.6577606201172,144.83999633789062,151.10653686523438,363.717041015625,445.1844787597656,95.54460906982422
2023-12-05,191.6104278564453,146.8800048828125,151.08738708496094,367.04736328125,445.09674072265625,93.6883773803711
2023-12-06,190.520751953125,144.52000427246094,149.4997100830078,363.3819885253906,443.3030700683594,92.4477767944336
2023-12-07,192.45248413085938,146.8800048828125,149.9587860107422,365.50042724609375,446.6856384277344,91.80416107177734
2023-12-08,193.87904357910156,147.4199981689453,151.61341857910156,368.7322998046875,448.6060485839844,92.85820007324219
2023-12-11,191.37269592285156,145.88999938964844,152.16815185546875,365.8453063964844,450.3509521484375,92.92350006103516
2023-12-12,192.88836669921875,147.47999572753906,153.52627563476562,368.88006591796875,452.4077453613281,91.45903778076172
2023-12-13,196.10794067382812,148.83999633789062,154.0427703857422,368.8702087402344,458.64654541015625,92.27055358886719
2023-12-14,196.25657653808594,147.4199981689453,156.84510803222656,360.5541687011719,460.11846923828125,94.75174713134766
2023-12-15,195.7216339111328,149.97000122070312,158.03109741210938,365.28363037109375,459.3608703613281,94.11744689941406
2023-12-18,194.0573272705078,154.07000732421875,158.98748779296875,367.1754150390625,461.9448547363281,94.8170394897461
2023-12-19,195.0975341796875,153.7899932861328,161.11077880859375,367.77655029296875,464.7538757324219,96.06695556640625
2023-12-20,193.00726318359375,152.1199951171875,159.29356384277344,365.17529296875,458.31365966796875,94.46258544921875
2023-12-21,192.858642578125,153.83999633789062,160.2021942138672,368.0523986816406,462.6593322753906,94.89165496826172
2023-12-22,191.78875732421875,153.4199981689453,160.1065216064453,369.07708740234375,463.5891418457031,95.05955505371094
2023-12-26,191.24391174316406,153.41000366210938,161.05340576171875,369.15594482421875,465.546630859375,95.27409362792969
2023-12-27,191.3429718017578,153.33999633789062,162.01939392089844,368.5746154785156,466.388427734375,94.82636260986328
2023-12-28,191.76893615722656,153.3800048828125,162.88018798828125,369.7668762207031,466.5645751953125,93.45518493652344
2023-12-29,190.72877502441406,151.94000244140625,162.68890380859375,370.51568603515625,465.2138977050781,93.2593002319336
